blind_item_id,visible_state,current_user_text,candidate_move,atomicity,state_appropriateness,boundary_compatibility,executability,leakage,redundancy_near_duplicate,rationale,reviewer_id
rs_semblind_92d6f308442c69c1352b6af7,"seeker: It's been tough. I've been looking for a job for months, but feel like I'm getting nowhere.
supporter: I'm sorry to hear that but if i may hear your you clearly, what you are saying is that you don't have any job for a long time now
seeker: Well, I am fortunate to have a job, but I am seeking a different job because the one I have does not pay what my skills are worth. It barely pays enough for me to pay my essential bills.
supporter: ok, that is a bit of relief
supporter: have u check for job vacancy in your state
seeker: I have, but there are few decent jobs out there. Most available jobs are in locations where one can not drive safely or their personal safety is at risk.","I have, but there are few decent jobs out there. Most available jobs are in locations where one can not drive safely or their personal safety is at risk.",suggest looking for jobs on indeed.com or craigslist,,,,,,,,
rs_semblind_ba2511fac083cfc692686027,"supporter: She even recommends work for teens
seeker: n i will i have it on another tab as soon as im done here im going there to check it out
seeker: my daughter definitely nds a job shes getting expensive
supporter: OK Good night
seeker: gn
seeker: n merry early christmas","gn
n merry early christmas",suggest a way to earn extra income,,,,,,,,
rs_semblind_aa7b61c2893ec391c40fb2a9,"seeker: yes . i am so attarctive to baby .. i though nobody will take care of baby as much as i can .So unble to concentrate on job prparation
supporter: Whenever I have important dates coming up , I always take time to myself and try and focus on the task at hand . Have you tried methods like this ?
seeker: noo , but here about the upgrade skills and search for new job as a new mom
supporter: Just from chatting with you ,I can completely understand how that can be overwhelming .
supporter: Just from chatting with you ,I can completely understand how that can be overwhelming .
seeker: i dont know what are you talking about",i dont know what are you talking about,acknowledge the user's progress and affirm their efforts,,,,,,,,
rs_semblind_6eaa8c163252068c8068d97a,"supporter: You have been the best you could be for him and it has got to feel really sad to let him go. It can feel like a death sometimes when you lose someone or a pet.
seeker: If he died it would be OK, I would mourn him and move on. But I have never had to give up a pet before. I just think most people. wont take care of him like I do. Because he is still alive, I will worry about him
supporter: I understand a little bit of how you feel. My dog died recently and it was really hard when the vet had to put him down. I was really sad and would cry when I thought of him ort the things we used to do together.
seeker: Yes, I was depressed for 6 months after my parrot died, but eventually we move on. I dont know that I can move on after giving him up
supporter: Would you ever consider getting a pet that is not as loud? I am not suggesting that you replace him.
seeker: No, except a seeing dog","No, except a seeing dog",validate the user's idea as positive and encouraging,,,,,,,,
rs_semblind_a6fd2701d2698a14e24fdfbc,"supporter: I also was helped a lot by a Christian Preacher, he's long dead, but he has audio on youtube -- Frank Hammond, Pigs in the Parlor. It's a 5 part series I found helpful, you might want to jot that down. And I do encourage you to find a counselor, once you rule out the physical (doctor) then you can look at emotional, mental and/or spiritual. I think most of everything is spiritual and emotional to some degree, and our body just responds to that.
seeker: I always lose sight of how to make things better. It really helps to talk sometimes so someone can help me put things into perspective. I'll look into Frank Hammond! I am actually religious and would love to look into that.
supporter: I will definitely pray for you tonight because I know losing sleep is hard to deal with. But please have hope, sometimes we go through these things to possible get to deeper issues that might need to be dealt with. We only have a few minutes here, but I'm pretty old and I have found this to be true so many times. Get a good support system of good friends. Having people who ""get"" you is SO vital to our lives. And learning to be grateful helps too. And especially journal, find out what may be bothering you.
supporter: I had some abuse issues and that is why I had a hard time resting. I also would wake up in the middle of the night and obsess over problems with people. I had a lot to work through, but most nights, I sleep restful now. It may take time.
supporter: I have hope for you! :D
seeker: That sounds very similar to my situation! I always had some abuse issues. Thank you so much . Talking to you made me feel a lot better",That sounds very similar to my situation! I always had some abuse issues. Thank you so much . Talking to you made me feel a lot better,reaffirm willingness to help and invite future conversation during times of anxiety,,,,,,,,
rs_semblind_89226e7b6066fd0b8cf51aab,"seeker: He was. Except she still doesn't know about me.
seeker: No children.
supporter: Has he been contacting you lately
seeker: It is very hard for me because I feel lost. He was a huge part of my life and I thought my future. Now I don't know what to do.
supporter: was he your 1st love
seeker: Not my first love but the first guy I talked marriage with. He still talks to me. It is kind of hard when you are used to talk a lot every day for over a year.",Not my first love but the first guy I talked marriage with. He still talks to me. It is kind of hard when you are used to talk a lot every day for over a year.,provide information about people finding partners later in life,,,,,,,,
rs_semblind_7a8a03edeae3ec8e458265ed,"supporter: I am sorry to hear that but try not to panic, just failing one class is not the end of the world. How do you feel about retaking it?
seeker: I don't mind retaking it, really
supporter: Ah so you feel that this is going to be severely disruptive to your plans for this winter break?
seeker: yha. also, im worried i might fail again if i get too distracted by my family
supporter: Is it possible for you to get any sort of private tutoring which might help you?
seeker: i mean, tutoring is just another added time commitment. I really failed the first time because i was depressed and unmotivated. which is why I'm excited to be with my family finally","i mean, tutoring is just another added time commitment. I really failed the first time because i was depressed and unmotivated. which is why I'm excited to be with my family finally",reassure the user that they can achieve their dreams and make a difference,,,,,,,,
rs_semblind_f47c847c25cc013f7f2cc9df,"supporter: I'm sorry to hear that. I've dealt with something similar earlier this year myself. I know how you are feeling. Have you tried to reach out to her and let her know how you've felt?
supporter: I'm sorry to hear that. I've dealt with something similar earlier this year myself. I know how you are feeling. Have you tried to reach out to her and let her know how you've felt?
seeker: Yes i told her how i felt and she said she was just busy. I just feel like she is taking me for granted and Im not a priority.
seeker: I feel like we are all busy but I would find time for her and I dont feel she is doing the same for me.
supporter: I see. I would feel the same way if it were in your position. You seem like a person who would go above and beyond for a good friend.
seeker: Thank you. I try to be a good friend. My husband thinks I should just not talk to her anymore but we have been friends for almost 10 years.",Thank you. I try to be a good friend. My husband thinks I should just not talk to her anymore but we have been friends for almost 10 years.,suggest focusing on self-care to improve emotional well-being,,,,,,,,
rs_semblind_3e7941a53217312ff80f76e4,"supporter: hi how are you today?
seeker: I am doing okay.",I am doing okay.,state their own current state as alright,,,,,,,,
rs_semblind_dc84709128e7a403a6399329,"supporter: it*
seeker: Do you have any feeling like me now are before
supporter: You mentioned you feel sad and unloved but you have a good family. Do you feel as if you lack a good support systems within your family?
seeker: My problem is i have a good job. But i want to follow my passion . I need my job at the same time i want to follow my passion. But my parents said don't quit my job
supporter: No, not any more. I have to reflect on what was causes my feelings to be so negative and i corrected them.
seeker: Yes you are correct",Yes you are correct,acknowledge the presence of a supportive person in the user's life,,,,,,,,
rs_semblind_88782744d21aa99a23cab0fe,"seeker: Yes..
supporter: Have you started looking for a new one?
supporter: I know this is difficult but the best thing I would recommend is moving on.
seeker: Not yet. Not sure where to start.
supporter: Do you have a linkdin account?
seeker: I do, but not up to date.","I do, but not up to date.",acknowledge the conversation and wish the user well,,,,,,,,
rs_semblind_0a293b7ba3d119e009a61d05,"seeker: Talking a walk is a good idea. Unfortunately it is cold today but tomorrow it is supposed to be nicer.
seeker: *taking
supporter: Yeah, I like to clear my head by taking a walk. I know it is a temporary relief, but it helps regulate my mood. Do you live with people, do you have conversation with people regularly?
seeker: No I live alone. I don't like the people at work either so I don't talk to them. Every now and then I talk to a friend via text, I see my family rarely but will see them this weekend due to the holiday.
supporter: It sounds like you know what you are doing and you have a support system of your choice. Do you share stories like breaking up with girlfriend with them?
seeker: I share a little but don't want to burden anyone with my issues.",I share a little but don't want to burden anyone with my issues.,disclose personal experience of being shy,,,,,,,,
rs_semblind_0e742fd72f6a662c8837c75c,"seeker: He started saying things that are just factually not correct. I get that the immune system is super complicated, and most people don't know much about it. But when I'd try to explain some things to him, he acted like I couldn't possibly know anything he didn't, after reading one Forbes article, and he started making personal attacks.
supporter: I think that perhaps you do not need this toxic person in your life. After fifteen years without him do you really feel you need to stay r reconciled?
seeker: I don't need him, no... But he's funny, and I don't have too many people in my life right now. I just moved to a new state where I literally know no one.
supporter: In that case perhaps you can just agree to disagree on this topic? If you don't want to risk the friendship :). I hope I have been able to be of some help to you today and thank you for talking!
seeker: And I'm also hurt and annoyed that he thinks I have anything to apologize for, when I put up with his acid tongued comments, and just turn the other cheek. I agree we should just go on, but I'm not going to apologize, when I didn't do anything.
seeker: Anyway - yes. I agree with you. Thanks for the talk. Take care!","And I'm also hurt and annoyed that he thinks I have anything to apologize for, when I put up with his acid tongued comments, and just turn the other cheek. I agree we should just go on, but I'm not going to apologize, when I didn't do anything.
Anyway - yes. I agree with you. Thanks for the talk. Take care!",inform the user about availability of free therapy sessions for people in need,,,,,,,,
rs_semblind_2bb6ca3a340410f6ed706a7e,"supporter: Hello :-)
seeker: Hi
supporter: How are you doing?
seeker: Today hasn't been too bad
supporter: Anything you need to talk about?
seeker: Lately I have been having trouble sleeping",Lately I have been having trouble sleeping,invite the user to share what is happening,,,,,,,,
rs_semblind_bf99317f4f607b44ba9c42f3,"seeker: Yes. Particularly in pandemic times.
supporter: It sounds like you have a good handle on your situation. Is there anything else I can help you with?
seeker: In your opinion, Am I in the right path?
supporter: Yes. Time will help you resolve this issue. You will gain perspective on what's out there.
supporter: More opportunities will come up if you have time to investigate.
seeker: We, I and my wife, also think the same way. Even if takes some time, better to wait. But we were having an oscillation. After chatting with you, we feel supportive of our thinkings.","We, I and my wife, also think the same way. Even if takes some time, better to wait. But we were having an oscillation. After chatting with you, we feel supportive of our thinkings.",ask whether the advice is helpful,,,,,,,,
rs_semblind_146e217fafd8d2eb73d7bda0,"seeker: Sure, I guess sex and cuddling is nice, but what I really want is someone to shopping with and eventually build a future
supporter: Have you considered getting some sort of counselling, either just you or as a couple?
seeker: It has peaked my interest, but at the same time, I wonder how much of this is just me buried in the idea of a relationship, even though it's pretty one-sided now
seeker: Should I seek counseling for a relationship that technically wasn't official?
supporter: I am hearing you say that you still have feelings for her but you are not sure whether to totally break away or not, given that she has
seeker: Yes. I hate how I love her, but I'm not getting the same energy back","Yes. I hate how I love her, but I'm not getting the same energy back",suggest using online resources to process infidelity,,,,,,,,
rs_semblind_8766361f6ba86ddedc1a8fdc,"supporter: Hello my name is Lisa, how are you today?
seeker: Hi, I'm Megan. I'm just looking for some help really, I've been feeling down for a while and it's affecting my sleep. I feel tired during the day but cant fall or stay asleep at night.","Hi, I'm Megan. I'm just looking for some help really, I've been feeling down for a while and it's affecting my sleep. I feel tired during the day but cant fall or stay asleep at night.",acknowledge the user's report of daytime tiredness due to poor sleep,,,,,,,,
rs_semblind_ac608da98d632343146fd20d,"seeker: Hello, how are you?
supporter: Hi there, how are you feeling?
seeker: I'm alright, honestly I'm feeling rather ashamed. The reason for that and the problem that I'm facing is that I've had a drinking problem for quite a few years now, and I'm only 24 years old. Right now in my life I'm ready to seek help, but I'm having a lot of anxiety about it because I'm very worried about how others will judge me. I'm worried about how the counselors will see me, how others at a facility might view me, and any one else that I will have to share my story with when getting treatment and how they might view me. I'm ashamed of myself, my life, and the choices that I've made that have gotten me here and I guess my problem is that I just dont know how to get over these extreme anxieties and worries so that I can just finally make the step that I need so desperately and get help.","I'm alright, honestly I'm feeling rather ashamed. The reason for that and the problem that I'm facing is that I've had a drinking problem for quite a few years now, and I'm only 24 years old. Right now in my life I'm ready to seek help, but I'm having a lot of anxiety about it because I'm very worried about how others will judge me. I'm worried about how the counselors will see me, how others at a facility might view me, and any one else that I will have to share my story with when getting treatment and how they might view me. I'm ashamed of myself, my life, and the choices that I've made that have gotten me here and I guess my problem is that I just dont know how to get over these extreme anxieties and worries so that I can just finally make the step that I need so desperately and get help.",ask the user if the supporter's interpretation of their situation is accurate,,,,,,,,
rs_semblind_aa23c3a1fb0079477a2e17d1,"supporter: Managing things all become stressful, but Im sure you are really good at what you are doing!
seeker: im so tired all the time
seeker: i feel lik everything i do just isnt enough
seeker: how do you handle things and stress?
supporter: Thats are not true, You have beautiful kids, work and pursuing master's . You are a great achiever
seeker: i guess",i guess,acknowledge the user's stress about not being able to find a job,,,,,,,,
rs_semblind_08aa71989551ad8e8eb07086,"supporter: How long are you doing the online school?
seeker: Last semester and this semester. It feels like a lot longer though.
supporter: What are you missing most? Friends?
seeker: A balance in life. I spend so much time online. I'm always staring at a screen. I would like to get aware from the computer.
supporter: As the vaccination started, I believe we will be back to normal soon..
seeker: Yeah, I can't wait for things to return to normal. Until then, I don't know what I can do to feel normal.","Yeah, I can't wait for things to return to normal. Until then, I don't know what I can do to feel normal.",rephrase the shared experience of waiting for normal life to resume,,,,,,,,
rs_semblind_55e069e23f5b249bc7c67b9f,"seeker: i didnt expect this conversation to actually help me, thankyou
seeker: neat, saltwater or freshwater?
seeker: we have a salt reef tank and a cat as well named perch
supporter: It was better when we could request payment daily now soonest is 3 days and I ll tell you what . It has saved us a few times even though it was like $30 it was enough to hold us to payday fri
seeker: I have to agree any littel amount helps
seeker: yea i only saw the 3 day option","I have to agree any littel amount helps
yea i only saw the 3 day option",acknowledge the slowness of their typing response,,,,,,,,
rs_semblind_f76f0a4abe3c1482e9b70d67,"seeker: Im having some issues with friendships. It has me down. The other day I had called a couple of friends to go have lunch together since we havent seen each other in a while and everyone said No due to covid
seeker: But today I called another friend and everybody were out together but didnt include me
supporter: that really sucks how they pulled that excuse on you
supporter: did your other friend tell you why they did that?
seeker: No they just said they just thought I was busy and couldn't attend
seeker: so im bitter sad about the situation and don't how to address it","No they just said they just thought I was busy and couldn't attend
so im bitter sad about the situation and don't how to address it",acknowledge that the user is in a busy time of the semester,,,,,,,,
rs_semblind_64f673948f7289c523039037,"seeker: A lot of selfish people inviting others indoors or going out, even a few months ago when the cases were just dropping and they didn't take enough time to wait but immediately lift their own restriction and go out.
supporter: I'm also sick of the repetition too. Everyday I go to work then go home and just get stuck there all nigh every day. However, we need to tell ourselves that this too shall pass
seeker: But even when there were a lot of cases, there are some people on my floor that walked freely in and out many times in one day when it wasn't safe for anyone. And I didn't get that at all and that was when I was angry and anxious of their actions.
seeker: Because that risked my safety too
seeker: sorry to hear that you have similar repetitions. That's how it feels. Everyday is the same. And when I talk with my folks on the phone, I have nothing new to share except about the pandemic, because that's the only thing new, and I only call the once a week.
seeker: But yes, I do believe that it will pass at some point.","But even when there were a lot of cases, there are some people on my floor that walked freely in and out many times in one day when it wasn't safe for anyone. And I didn't get that at all and that was when I was angry and anxious of their actions.
Because that risked my safety too
sorry to hear that you have similar repetitions. That's how it feels. Everyday is the same. And when I talk with my folks on the phone, I have nothing new to share except about the pandemic, because that's the only thing new, and I only call the once a week.
But yes, I do believe that it will pass at some point.",encourage the user to initiate conversations with others about shared concerns,,,,,,,,
rs_semblind_ee49e98cce3e5a1edad935d8,"supporter: Hello, how are you?
supporter: Anyone there?
seeker: Hi how are you?
supporter: Hi! so nice to chat with you today.
seeker: I am haing a difficult time with COVID-19. I want to go out but can't. And I'm an introvert.",I am haing a difficult time with COVID-19. I want to go out but can't. And I'm an introvert.,disclose effort to practice mindfulness despite challenges,,,,,,,,
rs_semblind_3e7b060327f86e00b43b2ede,"seeker: She does not mind snow either
seeker: It is chilly but ok
supporter: Ok. My dog, Phineas, love the snow!
seeker: Garbo hates small animals also. Especially skunks
supporter: Oh Garbo! Hahahaha! She sounds wonderful!
seeker: She has been sprayed 4 times",She has been sprayed 4 times,express a closing sentiment,,,,,,,,
rs_semblind_4b1fea8fa5bd09e98624c408,"seeker: Hello
supporter: Hello, how are you doing today?
seeker: I was looking for some assistance. I lost my job 4 month ago",I was looking for some assistance. I lost my job 4 month ago,share that it is a difficult time to be job hunting,,,,,,,,
rs_semblind_090eb931cc3ce38571873613,"supporter: Ohhh really. But women have a equal rights as men.
seeker: yes your corret i am equal rights as men
seeker: and then thanks for support my feeling
supporter: Women's are succeeding in all the fields now a days.
seeker: yes. but somewhat difficult in a days
seeker: but i believe after some days that issue will sloved","yes. but somewhat difficult in a days
but i believe after some days that issue will sloved",acknowledge shared thinking with the user,,,,,,,,
rs_semblind_3fd535a59921ab84326c7875,"seeker: I worry for my children.
seeker: This is not their fault yet they are suffering.
seeker: What would you do?
seeker: How are you?
supporter: I can imagine how difficult money can be during the pandemic as I had trouble looking for good jobs too.
seeker: Thank you!",Thank you!,acknowledge the shared difficulty of the situation,,,,,,,,
rs_semblind_b481c8e57386dfcd97b38086,"seeker: Hello
supporter: Hey! How are you?
seeker: I am hanging in there, how are you doing?
supporter: Im doing good :) How you doing hanging in there?
seeker: Well, I have been dealing with insomnia, and that is pretty much ruining my day lately.","Well, I have been dealing with insomnia, and that is pretty much ruining my day lately.",ask if sleeping difficulties are becoming a concern,,,,,,,,
rs_semblind_8d1dd38423f963ae71542d90,"supporter: What would you like to talk about?
seeker: I talk about my friends and my life
supporter: We have talked about your friends and your life and you feel like you have a plan moving forward.
seeker: Yes i have plan move for my with my own rules
supporter: You're going to move on by your own rules. Tell me more?
seeker: I have independted life",I have independted life,share a personal activity for me time,,,,,,,,
rs_semblind_b321a36274d20c917b892554,"supporter: Ah I understand, is there any temporary financial support available for you and your family?
supporter: If I may suggest this, you can look into programs that help re-employ or support laid off workers in your country.
seeker: Currently i have no support apart from the meagre earnings of my wife
seeker: I have looked into it, applied but have not been fortunate to get one yet
supporter: I completely understand, I would also feel anxious if I were in this situation. It's an honorable thing that you've taken the initiative and are working hard to support your family.
seeker: Sure. I really need your support on how to manage the anxiety because despite constant reassurance from my wife, i still feel i am letting down my family as a man","Sure. I really need your support on how to manage the anxiety because despite constant reassurance from my wife, i still feel i am letting down my family as a man",offer reassurance about the user's temporary financial security,,,,,,,,
rs_semblind_f1490e11b986838f96f54311,"seeker: Just a couple weeks ago, he brought me a giant care package full of food and snacks to help keep me going and relieve the boredom.
supporter: can you sign language the service and send it back for the church to reach others
seeker: No... I'm not fluent enough for that. I do the songs because I can research them and practice ahead.
seeker: I can't interpret.
supporter: Do u have away to record the service and sign language. Sign language the songs
seeker: I am blessed to have friends who give me technical advice. I have a friend who is a certified interpreter who has sent me video showing me the correct way to sign certain songs.",I am blessed to have friends who give me technical advice. I have a friend who is a certified interpreter who has sent me video showing me the correct way to sign certain songs.,express holiday greetings,,,,,,,,
rs_semblind_a0f1967dc4cea30d1fd0bca1,"supporter: okay. at lease seeing them in the video should have brought you some relief. Are you planning to get vaccinated when you are able to? And what about your friends? once you are vaccinated, it will help you meet your friends in person.
seeker: Yes we are planning to get it as soon as possible but that is hard in our state
supporter: oh okay. Have you tried checking with your friends to see if you could meet in person but still maintain social distance and wear masks, etc.
seeker: None of them are really comfortable with that sadly
supporter: oh okay, have you discussed anything with your friends to see if you find any alternative way of meeting?
seeker: I have tried but we don't have many ideas",I have tried but we don't have many ideas,share a personal practice of meeting friends in parks or public spaces while following guidelines,,,,,,,,
rs_semblind_3bf763b6ee2024d277b128cb,"supporter: There is a way to connect virtually in a fun way, i've tried doing cocktail tasting and wine tasting, a virtual cooking class.
seeker: really? i've never heard of that
supporter: It's very fun! You can find a wine list online and have everyone go get the same bottles. You can download tasting notes and instructions. It's really fun!!!
seeker: how do find such chats?
supporter: For my grandmas 80thi birthday, we hired a chef to do a cooking class which was so fun.
seeker: what a great idea!",what a great idea!,offer encouragement and express optimism about the future,,,,,,,,
rs_semblind_e108568a2e145acbe5e2c7d9,"supporter: Hi , how are you?
seeker: tired, how about you?
supporter: Good afternoon
supporter: Why your tired?
seeker: Is it afternoon where you are?
seeker: I'm still waking up, should have more coffee. And, I am just always tired, tired of everything these days","Is it afternoon where you are?
I'm still waking up, should have more coffee. And, I am just always tired, tired of everything these days",ask about the user's work hours,,,,,,,,
rs_semblind_54885b5bd45328b4db5121cb,"supporter: So you feel that life was more simple when you were still in high school?
seeker: Yes, schoolwork wise. Now, I can never stay on top.
supporter: I think that it is quite usual to feel a bit disorientated when transitioning from school to college. It is strange to feel like an adult all of a sudden
seeker: Do you have any experience with that?
supporter: Yes I do. It took me quite a long time to adjust to college in my first year too.
seeker: Woah, I am sorry it was rough for you.","Woah, I am sorry it was rough for you.",share a personal experience of struggling after transitioning to college,,,,,,,,
rs_semblind_cbe80c116ed10a5a95e79102,"supporter: I good, how are you feeling?
seeker: I am worried that COVID-19 has made me depressed. I am usually a well mannered, even personality but I find myself impatient and possibly getting depressed.
supporter: So you think that COVID-19 has made you depressed? Could there be anything else that could be bothering you?
seeker: Possibly... I think the remote learning of my kids and the iability to leave the house or go out, is making me sadder than normal.
supporter: I completely understand where you are coming from there. I feel like remote learning takes away from some of the social aspects of life that need to happen in order for a healthy life.
seeker: I am also worried that I am not playing the political game well. I feel like I am too straight forward, not rude, but I should play politics more to get ahead.","I am also worried that I am not playing the political game well. I feel like I am too straight forward, not rude, but I should play politics more to get ahead.",ask if the user interacts with their friends currently,,,,,,,,
rs_semblind_1a4bd586368006e422d0190c,"seeker: I am doing alright, and yeah I did type in the description. Do you want me to tell you what I typed?
supporter: If you're willing to share, please.
seeker: So I'm frustrated with an ex-friend right now. I lived with her and 2 other friends and she just moved out the day before rent was due and then blocked us on everything so we couldn't ask her to pay her rent. So I'm pretty frustrated, but also sad that a friend would do that, yanno?
supporter: ouch. that sounds like it really hurts. how are you feeling about that? betrayed? sad? mad?
seeker: All of the above reallu
seeker: really","All of the above reallu
really",acknowledge the difficulty of moving due to financial hardship,,,,,,,,
rs_semblind_46279cc7a72f3e1cabdd4cb5,"supporter: are your classes online in person
seeker: A mixture. I currently have 2 online classes and 2 face-to-face ones.
supporter: So you have a full schedule
supporter: Are these mandatory classes for your degree
supporter: May I aks what your major is
seeker: Yes, I am in a full schedule. The class I might fail is mandatory for my Computer Science degree. That is why I am so concerned.","Yes, I am in a full schedule. The class I might fail is mandatory for my Computer Science degree. That is why I am so concerned.",mention that online study has advantages,,,,,,,,
rs_semblind_6cb9ec8d1275134980ae49fa,"supporter: That's a hard situation to be in. Are you isolating due to the pandemic?
seeker: I have been isolated for 2 years now ever since my wife decided to sneak out in the middle of the night and run away
supporter: That's really rough. It sounds like you did not get to have any closure whatsoever.
seeker: yeah what a peach she was, at least she didnt murder me like my brother did to my mom
supporter: There's a lot of dark stuff happening in and around your life. Do you have any things that you like to do on your own that calm you down?
seeker: drinking is the only thing that takes the pain away",drinking is the only thing that takes the pain away,share a personal experience of enjoying a specific show,,,,,,,,
rs_semblind_2a262c498ebdf96433997a9d,"supporter: So are you doubting that you made the right decision or are you just feeling sadness at the loss you are feeling right now
seeker: I'm mainly doubting my decision and I know there's nothing I can do about it
supporter: You must have had good reason's to have made the decision to breakup and to have initiated it. Its normal to doubt yourself afterwards. You may want to remind yourself of the reasons that you came to your decision you did. Im sure the reasons are still valid
seeker: I did it because I'm trying to focus on self-improvement but looking back now, there's no reason I couldn't have improved myself with my partner
supporter: So you felt the need to have some time to fucus on your own goals and growth and now you feel like you could have stayed in the relationship and you are doubting that you needed to take the step of breaking up. In my experience at times we need to be single for self growth and I have found that personal growth usual thrives when I am single.
seeker: That's what I hope for. I just can't get over missing my partner because they were great to me, I just needed to be alone.","That's what I hope for. I just can't get over missing my partner because they were great to me, I just needed to be alone.",share a personal experience of going through a difficult breakup,,,,,,,,
rs_semblind_072938d94b62e3089e9b84f1,"supporter: Hello there! How are you doing?
seeker: Hello. Not so well. I have a very stressful job situation right now.",Hello. Not so well. I have a very stressful job situation right now.,share that it is a difficult time to be job hunting,,,,,,,,
rs_semblind_6e229dc0629913ab2bcb9d4d,"seeker: I agree. She made me watch them have sex once, it was sick.
seeker: Can a therapist help me with that?
seeker: Are you still there sir?
supporter: Sorry i was having wifi issues
seeker: So what should i do?
seeker: I think I need to have the threesome with them. She would like to get spitroasted, then I can get her back.","So what should i do?
I think I need to have the threesome with them. She would like to get spitroasted, then I can get her back.",suggest talking to a professional counsellor,,,,,,,,
rs_semblind_c5fb5c3633a4f81350a629e6,"supporter: I hear you, feeling overwhelmed and like you don't know where to start can leave a person feeling stressd forsure!
supporter: Decluttering sounds like a great idea!
supporter: Sometimes taking baby steps is a good place to start!
seeker: but there are so many thinggs to do and ideas i have
supporter: Of course! It can feel so stressful when we have all these little things we want to do but don't know where to start!
seeker: should i start in one room or one group of things and collect them from all the rooms?",should i start in one room or one group of things and collect them from all the rooms?,acknowledge the difficulty of starting tasks,,,,,,,,
rs_semblind_fae83f2477985ab18eb211fa,"seeker: No, thank heavens. My government is handling things a bit better here in Canada.
seeker: Being out of work is tough, but at the same time I get a bunch of time to myself.
supporter: I'm jealous. hehe I often wonder what our friends to the north are going through. I'm glad to see you reaching out too. That's awesome!
seeker: It feels good to reach out and at least talk to someone about something to be honest.
supporter: I know the feeling and especially in these times. It seems things are looking up though with a vaccine coming soon. Getting outside and reaching out is definitely the right thing to do. Soon things will be back to normal!
seeker: That's what I'm hoping for... It looks like there is finally light at the end of the tunnel.",That's what I'm hoping for... It looks like there is finally light at the end of the tunnel.,recognize the difficulty of remembering self-care during stressful times,,,,,,,,
rs_semblind_268a18d4dff5bc5b2705e189,"seeker: It is more or less that I got the middle man rate
seeker: Pissed me right off
supporter: Tell me what happened. That sounds horrible
seeker: Well, I ordered my normal uhm, 'package' from my homie... Well he just took off as normal and came back in a few hours.
seeker: We agreed on n160 for the whole mess and HE JUST DECIDES that its now 185 cause he needed gas, and what ever..
seeker: Nah man, I already fill your tank and food and he can grab some fries from the bag when he gets here.","Well, I ordered my normal uhm, 'package' from my homie... Well he just took off as normal and came back in a few hours.
We agreed on n160 for the whole mess and HE JUST DECIDES that its now 185 cause he needed gas, and what ever..
Nah man, I already fill your tank and food and he can grab some fries from the bag when he gets here.",paraphrase the user's financial concern to confirm understanding,,,,,,,,
rs_semblind_33798eaae75f9e9888dac021,"seeker: i cant go back to uni due to finacial issue
supporter: Good afternoon. How may I assist you?
seeker: good afternnon.
supporter: What is unit? Are talking school
seeker: as i stated i had to cut university short and i feel like am going to finish old",as i stated i had to cut university short and i feel like am going to finish old,ask about barriers preventing task completion,,,,,,,,
rs_semblind_3915d7328fa049f6230cbe8d,"supporter: Thank you, I would like to be able to help you but do not know what the problem is right now
seeker: I have this friend who is now on the opposite coast. We were out of touch for 15 years, but recently reconnected. We've been texting. But now he's demanding an apology, and it's completely unreasonable...
supporter: Ah I see .. you feel as though you friend is dragging up things from the past which are no longer relevant to your friendship?
seeker: No, not at all. It's new stuff.
supporter: Oh I am sorry, I misunderstood. Can you tell me a little about the situation?
seeker: We've been texting about politics, among other things. And we completely agree on the subject - that's not the issue. But I put up with his sort of acerbic wit - I ignore little put-downs, because I know that's just him...","We've been texting about politics, among other things. And we completely agree on the subject - that's not the issue. But I put up with his sort of acerbic wit - I ignore little put-downs, because I know that's just him...",share a personal experience about maintaining a close friendship despite infrequent communication,,,,,,,,
rs_semblind_cba524d7ac158c6ba96dd3d2,"supporter: Hello there, how is life treating you?
seeker: Hello! Life is treating me fair, what about you?
supporter: Well, I've been a bit worried this year due to Covid and everything. Have you been worrying about anything?
seeker: Yes, not covid tho. Mostly, it's academics. It paralyses me.
supporter: Do you work in academia then? Or are you a student?
seeker: I am a college student, and I miss my high school days.","I am a college student, and I miss my high school days.",acknowledge the user's feelings by restating their experience,,,,,,,,
rs_semblind_c84b1813a2a773583e747971,"seeker: thank you :) you sound like a nice person
supporter: yes , Thanks
seeker: can you tell me where you are? I am in the US, in Illinois
supporter: I'm in London
seeker: I hope you are real. It is good to connect with someone else!
seeker: Cool!!! I would love to hear your accent, lol","I hope you are real. It is good to connect with someone else!
Cool!!! I would love to hear your accent, lol",acknowledge that the current job situation is better than nothing,,,,,,,,
rs_semblind_ded240d6ddf676b56f059180,"supporter: So, 2 years should be long enough to know if your partner has been cheating.
seeker: What do you mean exactly?
supporter: Are you someone who trusts people? I think that most men would fess up about it.
seeker: I guess all people are different. I generally trust people easily.
supporter: Does he show affection to you? If he is adamant about loving you, then, it may be false allegations.
seeker: That is true. He is but, has been distant lately.","That is true. He is but, has been distant lately.",acknowledge the duration of the relationship as significant,,,,,,,,
rs_semblind_7b6056ad1e44c3af8c606d95,"supporter: I can sense how stressed you are about the safety of your job. This pandemic has caused so much stress and very much anxiety on everyone, so just know you are not alone. I'm not sure on the work you do, but you putting your health at risk everyday to make a living for you and your family makes you an amazing person. Just try and remember that your health is very much more important then your job and just make sure you are trying everything possible to keep yourself safe out there.
seeker: Thanks for the positive vibes, but I doubt things will get better.
supporter: Of course! I also am afraid that this pandemic is going to get worse before it gets any better and that is just my opinion. I am scared for everyone out here anymore and its not just people getting sick and ill, but people like you who could be in jeopardy of loosing their job or their source of income. That's is something that would be on anyones mind, more yours then mine due to you actually working in the public.
seeker: There is a lock down in my area, I fear it will only get worse.
supporter: We thankfully have not got on lockdown just yet, but I know it will be happening soon. We live in a very small town and it has got bad here that either we know someone who has it, or someone in the family has it. It seemed like it just happened over night that it just spread so fast here that everyone is in a panic mode again. What type of things do you do while you are on lockdown?
seeker: Think about the bad things that will happen if I lost my job. I have been only thinking about the bad..",Think about the bad things that will happen if I lost my job. I have been only thinking about the bad..,suggest using the time at home to learn new things,,,,,,,,
rs_semblind_a6312020f251f263625c49d5,"seeker: Yes again. I have to do something to sleep well.
seeker: My schedule starts in the evening extends through the night. But I can take sleep as much I want. But not throughout the night.
supporter: When I feel restless and want to sleep well, I take warm shower before sleeping and it helps me. At day time try to keep your bedroom dark so you can sleep for longer.
supporter: Enough sleep is very important for good health.
seeker: Warm shower helps you sleep. I learn to do that. I was thinking a bath will keep me fresh and will reduce sleep. Thanks for your advice. Also I am making arrangements to keep my room full dark, no small light at all.
seeker: Thanks again for your advice.","Warm shower helps you sleep. I learn to do that. I was thinking a bath will keep me fresh and will reduce sleep. Thanks for your advice. Also I am making arrangements to keep my room full dark, no small light at all.
Thanks again for your advice.",inform the user that getting good sleep is critical,,,,,,,,
rs_semblind_598bbba72c16bf7f18e8d8f2,"supporter: yes, things will only get better from here
supporter: i hope with the government's plan to get vaccines sooner, will let states to administer them soon . and then hopefully you will be able to meet your friends in person
seeker: I truly hope so!
seeker: Thanks for talking with me
supporter: Sure no problem. Hopefully things will be much better for you soon.
seeker: Thanks. Bye!",Thanks. Bye!,provide information about the situation in their country,,,,,,,,
rs_semblind_cacf674be3478256161d3790,"supporter: He must still care because he is talking with you, but he is also involved with his x
seeker: His family member was a friend of mine.
seeker: I think he does but it is more convenient to be with his ex.
supporter: Has the COVID interfered with you
supporter: There is another way to look at this
seeker: Yes it has. We are in different countries and his ex is in the same country as him.",Yes it has. We are in different countries and his ex is in the same country as him.,imply shared social connections and suggest possible reasons for others' silence,,,,,,,,
rs_semblind_e645f3ff42a1e77972922e35,"supporter: I know a lot of people who are feeling this way. It is a difficult time
seeker: I’m trying to make the best of it but having a hard time.
supporter: Why do you think you are struggling?
seeker: I’m feeling isolated and missing my family and friends.
supporter: It sounds like you are feeling lonely. Is that right?
seeker: Yes. Video calls are not the same.",Yes. Video calls are not the same.,acknowledge the user's loneliness and emotional struggle,,,,,,,,
rs_semblind_79469e274b3251d84562338e,"seeker: Hi, how are you?","Hi, how are you?",greet the user,,,,,,,,
rs_semblind_c1f6d066b3bc517ab5d63222,seeker: hello,hello,greet the user,,,,,,,,
rs_semblind_510790c5f5f3cc404eac32c6,"supporter: May I aks what your major is
seeker: Yes, I am in a full schedule. The class I might fail is mandatory for my Computer Science degree. That is why I am so concerned.
supporter: Is it online in person
seeker: That class in particular is online.
supporter: Being online makes it harder.
seeker: You think so? I kept telling myself that they were supposed to be easier, since its on the computer.","You think so? I kept telling myself that they were supposed to be easier, since its on the computer.",acknowledge that online learning challenges are common among people,,,,,,,,
rs_semblind_f9cead33bb60235dcbf65a13,"seeker: Yeah I could maybe get some ideas from friends too.
supporter: And you never know, you might get a creative burst when you get back and rattle it off in one.
seeker: Alcohol can make people creative. That's for sure.
supporter: Oh yeah. Follow it up with a smoke and you'll be a regular Shakespeare. He was probably half cut all the time too.
seeker: YEah or had some good mushrooms. I've been wanting to try shrooms just don
seeker: 't have a good source","YEah or had some good mushrooms. I've been wanting to try shrooms just don
't have a good source",paraphrase the user's struggle with drinking to confirm understanding,,,,,,,,
rs_semblind_683684fe2fad8a5d9d5f364a,"seeker: Who is this they that your speaking about?
seeker: I don't mean to be crass either but I have never been jobless or homeless either. So I'm desperate here and don't know what to do?
supporter: Your landlord. I worked out a way with payments when i was furloughed from my job. And yes i was actually homeless many years ago so i do know what it feels like to miss out on meals for a days at a time. It seems you should look up evictions during Covid. They are not allowed to throw you on the street as long as the pandemic is going on.
seeker: How did you eat and where did you sleep when you were homeless? How long did it take to end your situation?
seeker: If you were homeless what did you say to your landlord that they still put you out?
seeker: Where did you wash up or brush your teeth?","How did you eat and where did you sleep when you were homeless? How long did it take to end your situation?
If you were homeless what did you say to your landlord that they still put you out?
Where did you wash up or brush your teeth?",suggest the user look into funds for hotel accommodation,,,,,,,,
rs_semblind_b560265dc1ec8c62bdde90c5,"seeker: Can you elaborate on extensions please ? Not sure what it is ?
supporter: Also there are people willing to help sometimes in local places. An extension would happen when the institution you owe gives you more time to pay them.
supporter: I would try going to the town hall.
seeker: Ahh ok . I will give them a call and check. What does going to town hall mean ?
supporter: Going to the town hall means phsyically going to your local town hall asking for help for assistance. There should within have programs you can apply for.
seeker: ok understood. Have you had any depression issues during lockdown ?",ok understood. Have you had any depression issues during lockdown ?,acknowledge the user's difficult situation and validate its harshness,,,,,,,,
rs_semblind_8ef9dcabf23a9830850a6580,"supporter: Hi there, how are you doing today?
seeker: I am okay, I am very worried about my friend. I believe she is abusing prescription drugs.
supporter: Oh no, why do you think she is abusing them?
seeker: I don't think it, I guess I actually know she is. She use to have a heroin problem and went on methadone. She has since started taking anxiety medicine in order to get high.
supporter: Thats a tough spot to be in, ive actually been both sides of that coin.
seeker: I think I know what I need to do, It is just hard.","I think I know what I need to do, It is just hard.",restate the user's conflicting feelings about their friend's recovery progress,,,,,,,,
rs_semblind_dc7b2f440990d754adaf16a5,"supporter: What did you do for fun before you met her?
seeker: sighting girls
supporter: I loved doing that too! Have you thought about going out and doing that with your friends now?
seeker: yes. after having a chat with you i feel some goodness in me
supporter: Good! From talking to you I can tell that you have a lot of goodness in you!
seeker: thank you so much",thank you so much,ask if there is any other way to support the user,,,,,,,,
