index,owner,split,reachable,reachable_three,reachable_four,reachable_same_head_repeat,prefix_chat_tokens,first_MS_raw_tokens,RS_first_reachable,MP_first_reachable,MS_first_reachable,ME_first_reachable
0,p10,train,69,20,34,53,87,684,True,True,True,True
1,p10,train,65,19,31,49,41,587,True,True,True,True
2,p10,train,69,20,34,53,796,539,True,True,True,True
3,p10,train,69,20,34,53,165,476,True,True,True,True
4,p10,train,69,20,34,53,542,642,True,True,True,True
5,p10,train,65,19,31,49,766,642,True,True,True,True
6,p10,train,65,19,31,49,391,774,True,True,True,True
7,p10,train,69,20,34,53,219,529,True,True,True,True
8,p11,train,65,19,31,49,539,714,True,True,True,True
9,p11,train,65,19,31,49,415,592,True,True,True,True
10,p11,train,65,19,31,49,365,564,True,True,True,True
11,p11,train,69,20,34,53,371,531,True,True,True,True
12,p11,train,65,19,31,49,40,560,True,True,True,True
13,p11,train,69,20,34,53,185,592,True,True,True,True
14,p11,train,69,20,34,53,483,481,True,True,True,True
15,p11,train,69,20,34,53,127,564,True,True,True,True
16,p12,train,65,19,31,49,73,336,True,True,True,True
17,p12,train,66,20,31,50,31,336,True,True,True,True
18,p12,train,69,20,34,53,65,336,True,True,True,True
19,p12,train,65,19,31,49,529,628,True,True,True,True
20,p12,train,65,19,31,49,359,628,True,True,True,True
21,p12,train,69,20,34,53,67,535,True,True,True,True
22,p12,train,65,19,31,49,238,673,True,True,True,True
23,p12,train,66,20,31,50,159,673,True,True,True,True
24,p13,train,25,7,9,17,67,236,True,False,True,True
25,p13,train,60,18,27,44,365,1000,True,True,True,True
26,p13,train,34,10,14,26,627,506,True,False,True,True
27,p13,train,64,19,30,48,53,633,True,True,True,True
28,p13,train,66,20,31,50,40,610,True,True,True,True
29,p13,train,66,20,31,50,65,633,True,True,True,True
30,p13,train,69,20,34,53,363,236,True,True,True,True
31,p13,train,69,20,34,53,266,506,True,True,True,True
32,p16,train,64,19,30,48,403,499,True,True,True,True
33,p16,train,69,20,34,53,224,462,True,True,True,True
34,p16,train,69,20,34,53,528,686,True,True,True,True
35,p16,train,69,20,34,53,600,537,True,True,True,True
36,p16,train,65,19,31,49,717,618,True,True,True,True
37,p16,train,69,20,34,53,163,397,True,True,True,True
38,p16,train,69,20,34,53,508,564,True,True,True,True
39,p16,train,65,19,31,49,452,677,True,True,True,True
40,p17,train,54,16,24,38,48,1090,True,True,True,True
41,p17,train,54,16,24,38,212,204,True,True,True,True
42,p17,train,34,10,14,26,38,204,True,False,True,True
43,p17,train,68,20,33,52,89,425,True,True,True,True
44,p17,train,68,20,33,52,532,706,True,True,True,True
45,p17,train,69,20,34,53,280,643,True,True,True,True
46,p17,train,66,20,31,50,248,625,True,True,True,True
47,p17,train,67,20,32,51,95,528,True,True,True,True
48,p2,train,69,20,34,53,127,465,True,True,True,True
49,p2,train,69,20,34,53,44,707,True,True,True,True
50,p2,train,69,20,34,53,337,521,True,True,True,True
51,p2,train,69,20,34,53,46,589,True,True,True,True
52,p2,train,69,20,34,53,126,465,True,True,True,True
53,p2,train,66,20,31,50,533,589,True,True,True,True
54,p2,train,69,20,34,53,188,589,True,True,True,True
55,p2,train,69,20,34,53,80,624,True,True,True,True
56,p3,train,41,12,16,25,159,423,True,True,True,True
57,p3,train,64,19,30,48,149,544,True,True,True,True
58,p3,train,68,20,33,52,198,442,True,True,True,True
59,p3,train,64,19,30,48,541,562,True,True,True,True
60,p3,train,69,20,34,53,205,524,True,True,True,True
61,p3,train,34,10,14,26,446,582,True,False,True,True
62,p3,train,34,10,14,26,134,508,True,False,True,True
63,p3,train,31,9,12,23,302,614,True,False,True,True
64,p5,train,69,20,34,53,248,638,True,True,True,True
65,p5,train,69,20,34,53,598,385,True,True,True,True
66,p5,train,69,20,34,53,304,609,True,True,True,True
67,p5,train,69,20,34,53,46,522,True,True,True,True
68,p5,train,69,20,34,53,307,502,True,True,True,True
69,p5,train,69,20,34,53,354,593,True,True,True,True
70,p5,train,69,20,34,53,369,502,True,True,True,True
71,p5,train,65,19,31,49,532,631,True,True,True,True
72,p6,train,63,19,29,47,482,553,True,True,True,True
73,p6,train,64,19,30,48,138,553,True,True,True,True
74,p6,train,69,20,34,53,509,480,True,True,True,True
75,p6,train,69,20,34,53,188,480,True,True,True,True
76,p6,train,69,20,34,53,427,480,True,True,True,True
77,p6,train,65,19,31,49,515,644,True,True,True,True
78,p6,train,67,20,32,51,400,504,True,True,True,True
79,p6,train,65,19,31,49,380,504,True,True,True,True
80,p8,train,69,20,34,53,201,562,True,True,True,True
81,p8,train,69,20,34,53,57,562,True,True,True,True
82,p8,train,69,20,34,53,67,468,True,True,True,True
83,p8,train,69,20,34,53,61,649,True,True,True,True
84,p8,train,69,20,34,53,535,637,True,True,True,True
85,p8,train,65,19,31,49,368,665,True,True,True,True
86,p8,train,68,20,33,52,259,595,True,True,True,True
87,p8,train,65,19,31,49,430,595,True,True,True,True
88,p9,train,25,7,9,17,260,589,True,False,True,True
89,p9,train,70,20,35,54,486,414,True,True,True,True
90,p9,train,69,20,34,53,396,414,True,True,True,True
91,p9,train,65,19,31,49,413,738,True,True,True,True
92,p9,train,69,20,34,53,571,627,True,True,True,True
93,p9,train,69,20,34,53,434,524,True,True,True,True
94,p9,train,65,19,31,49,251,627,True,True,True,True
95,p9,train,69,20,34,53,130,535,True,True,True,True
96,p1,dev,65,19,31,49,658,609,True,True,True,True
97,p1,dev,65,19,31,49,284,600,True,True,True,True
98,p1,dev,65,19,31,49,304,720,True,True,True,True
99,p1,dev,65,19,31,49,620,649,True,True,True,True
100,p1,dev,65,19,31,49,203,688,True,True,True,True
101,p1,dev,65,19,31,49,502,688,True,True,True,True
102,p15,dev,64,19,30,48,224,708,True,True,True,True
103,p15,dev,69,20,34,53,193,541,True,True,True,True
104,p15,dev,69,20,34,53,386,541,True,True,True,True
105,p15,dev,69,20,34,53,476,541,True,True,True,True
106,p15,dev,69,20,34,53,870,541,True,True,True,True
107,p15,dev,65,19,31,49,544,629,True,True,True,True
108,p18,dev,16,4,4,8,538,341,True,True,True,False
109,p18,dev,36,11,12,20,70,486,True,True,True,True
110,p18,dev,34,10,14,26,326,634,True,False,True,True
111,p18,dev,68,20,33,52,176,634,True,True,True,True
112,p18,dev,68,20,33,52,404,634,True,True,True,True
113,p18,dev,68,20,33,52,285,505,True,True,True,True
