owner,split,session_id,rank,timestamp,origin_by_id,turns,words,supporter_turns,self_life_lexical_turns,exact_esconv_transcripts,best_exact_long_turn_source,matching_long_turns,duplicate_turn_indices,adjacent_same_role
p1,dev,esc1024,0,2024-06-30,esconv_seed,31,297,15,0,"[""esconv_1024""]",esconv_1024,14,0,2
p1,dev,esc1172,1,2024-07-15,esconv_seed,21,631,11,0,[],esconv_1172,19,0,0
p1,dev,esc245,2,2024-08-02,esconv_seed,37,582,21,0,"[""esconv_0245""]",esconv_0245,26,0,5
p1,dev,esc786,3,2024-09-20,esconv_seed,25,779,13,0,"[""esconv_0786""]",esconv_0786,22,0,1
p1,dev,p1_conv_1,4,2024-10-15,expanded_session,25,435,12,0,[],,0,0,0
p1,dev,p1_conv_2,5,2024-10-25,expanded_session,24,436,12,0,[],,0,0,0
p1,dev,p1_conv_3,6,2024-11-05,expanded_session,26,531,13,0,[],,0,0,0
p1,dev,p1_conv_4,7,2025-01-05,expanded_session,23,518,11,0,[],,0,0,0
p1,dev,p1_conv_5,8,2025-01-15,expanded_session,24,369,12,0,[],,0,0,0
p1,dev,p1_conv_6,9,2025-01-20,expanded_session,22,426,11,0,[],,0,0,0
p1,dev,p1_conv_7,10,2025-01-25,expanded_session,19,482,10,0,[],,0,0,0
p1,dev,p1_conv_8,11,2025-01-28,expanded_session,21,485,10,0,[],,0,0,0
p1,dev,p1_conv_9,12,2025-02-15,expanded_session,21,488,11,0,[],,0,0,0
p1,dev,p1_conv_10,13,2025-04-10,expanded_session,25,548,13,0,[],,0,0,0
p1,dev,p1_conv_11,14,2025-05-02,expanded_session,22,313,11,0,[],,0,0,0
p1,dev,p1_conv_12,15,2025-05-20,expanded_session,20,447,10,0,[],,0,0,0
p1,dev,p1_conv_13,16,2025-06-05,expanded_session,26,425,13,0,[],,0,0,0
p1,dev,p1_conv_14,17,2025-06-15,expanded_session,21,341,10,0,[],,0,0,0
p1,dev,p1_conv_15,18,2025-07-01,expanded_session,25,410,12,0,[],,0,0,0
p1,dev,p1_conv_16,19,2025-07-10,expanded_session,22,396,11,0,[],,0,0,0
p1,dev,p1_conv_17,20,2025-08-15,expanded_session,20,449,10,0,[],,0,0,0
p1,dev,p1_conv_18,21,2025-09-05,expanded_session,22,430,11,0,[],,0,0,0
p1,dev,p1_conv_19,22,2025-10-05,expanded_session,27,640,14,0,[],,0,0,0
p1,dev,p1_conv_20,23,2025-10-12,expanded_session,24,431,12,0,[],,0,0,0
p1,dev,p1_conv_21,24,2025-10-20,expanded_session,26,356,13,0,[],,0,0,0
p1,dev,p1_conv_22,25,2025-10-28,expanded_session,24,413,12,0,[],,0,0,0
p1,dev,p1_conv_23,26,2025-11-12,expanded_session,20,374,10,0,[],,0,0,0
p1,dev,p1_conv_24,27,2025-11-20,expanded_session,24,450,12,0,[],,0,0,0
p1,dev,p1_conv_25,28,2025-12-01,expanded_session,21,490,11,0,[],,0,0,0
p1,dev,p1_conv_26,29,2025-12-22,expanded_session,21,481,10,0,[],,0,0,0
p1,dev,p1_conv_27,30,2025-12-28,expanded_session,20,550,10,0,[],,0,0,0
p1,dev,p1_conv_28,31,2025-12-31,expanded_session,27,441,13,0,[],,0,0,0
p2,train,esc1091,0,2024-05-16,esconv_seed,28,336,12,1,[],esconv_1091,22,0,4
p2,train,esc150,1,2024-07-25,esconv_seed,18,593,9,0,[],esconv_0150,13,0,0
p2,train,esc955,2,2024-09-01,esconv_seed,23,358,13,0,"[""esconv_0955""]",esconv_0955,19,0,6
p2,train,esc611,3,2024-09-12,esconv_seed,25,403,13,0,[],esconv_0611,18,0,0
p2,train,p2_conv_1,4,2024-10-05,expanded_session,26,521,13,0,[],,0,0,0
p2,train,p2_conv_2,5,2024-10-10,expanded_session,21,316,10,0,[],,0,0,0
p2,train,p2_conv_3,6,2024-10-15,expanded_session,22,352,11,0,[],,0,0,0
p2,train,p2_conv_4,7,2024-10-28,expanded_session,19,423,10,0,[],,0,0,0
p2,train,p2_conv_5,8,2024-11-01,expanded_session,20,375,10,0,[],,0,0,0
p2,train,p2_conv_6,9,2024-11-10,expanded_session,20,384,10,0,[],,0,0,0
p2,train,p2_conv_7,10,2024-11-15,expanded_session,20,435,10,0,[],,0,0,0
p2,train,p2_conv_8,11,2024-11-25,expanded_session,19,324,10,0,[],,0,0,0
p2,train,p2_conv_9,12,2024-12-01,expanded_session,25,405,13,0,[],,0,0,0
p2,train,p2_conv_10,13,2024-12-10,expanded_session,21,329,11,0,[],,0,0,0
p2,train,p2_conv_11,14,2024-12-18,expanded_session,25,515,12,0,[],,0,0,0
p2,train,p2_conv_12,15,2025-01-05,expanded_session,18,388,9,0,[],,0,0,0
p2,train,p2_conv_13,16,2025-01-10,expanded_session,26,540,13,0,[],,0,0,0
p2,train,p2_conv_14,17,2025-01-18,expanded_session,19,492,10,0,[],,0,0,0
p2,train,p2_conv_15,18,2025-02-05,expanded_session,24,421,12,0,[],,0,0,0
p2,train,p2_conv_16,19,2025-02-15,expanded_session,24,334,12,0,[],,0,0,0
p2,train,p2_conv_17,20,2025-03-01,expanded_session,21,320,10,0,[],,0,0,0
p2,train,p2_conv_18,21,2025-03-05,expanded_session,18,398,9,0,[],,0,0,0
p2,train,p2_conv_19,22,2025-03-25,expanded_session,26,547,13,0,[],,0,0,0
p2,train,p2_conv_20,23,2025-04-05,expanded_session,18,401,9,0,[],,0,0,0
p2,train,p2_conv_21,24,2025-04-07,expanded_session,26,442,13,0,[],,0,0,0
p2,train,p2_conv_22,25,2025-05-10,expanded_session,22,460,11,0,[],,0,0,0
p3,train,esc207,0,2024-12-20,esconv_seed,30,267,15,0,"[""esconv_0207""]",esconv_0207,17,0,0
p3,train,esc844,1,2025-01-25,esconv_seed,29,361,12,0,"[""esconv_0844""]",esconv_0844,22,0,8
p3,train,esc471,2,2025-02-22,esconv_seed,28,362,13,1,"[""esconv_0471""]",esconv_0471,20,0,6
p3,train,p3_conv_1,3,2025-03-01,expanded_session,21,298,11,0,[],,0,0,0
p3,train,p3_conv_2,4,2025-03-25,expanded_session,25,368,13,0,[],,0,0,0
p3,train,p3_conv_3,5,2025-05-30,expanded_session,22,380,11,0,[],,0,0,0
p3,train,p3_conv_4,6,2025-06-05,expanded_session,22,377,11,0,[],,0,0,0
p3,train,p3_conv_5,7,2025-06-15,expanded_session,20,399,10,0,[],,0,0,0
p3,train,p3_conv_6,8,2025-07-05,expanded_session,20,414,10,0,[],,0,0,0
p3,train,esc51,9,2025-09-06,esconv_seed,20,263,10,0,"[""esconv_0051""]",esconv_0051,16,0,0
p3,train,p3_conv_7,10,2025-09-12,expanded_session,25,369,12,0,[],,0,0,0
p3,train,p3_conv_8,11,2025-10-10,expanded_session,26,421,13,0,[],,0,0,0
p3,train,p3_conv_9,12,2025-10-18,expanded_session,22,305,11,0,[],,0,0,0
p3,train,p3_conv_10,13,2025-10-25,expanded_session,20,354,10,0,[],,0,0,0
p3,train,p3_conv_11,14,2025-11-01,expanded_session,20,298,10,0,[],,0,0,0
p3,train,p3_conv_12,15,2025-11-15,expanded_session,22,365,11,0,[],,0,0,0
p3,train,p3_conv_13,16,2025-11-22,expanded_session,21,416,11,0,[],,0,0,0
p3,train,p3_conv_14,17,2025-12-05,expanded_session,23,475,11,0,[],,0,0,0
p3,train,p3_conv_15,18,2025-12-15,expanded_session,22,430,11,0,[],,0,0,0
p3,train,p3_conv_16,19,2025-12-22,expanded_session,20,353,10,0,[],,0,0,0
p3,train,p3_conv_17,20,2026-01-15,expanded_session,21,465,11,0,[],,0,0,0
p3,train,p3_conv_18,21,2026-01-20,expanded_session,24,363,12,0,[],,0,0,0
p3,train,p3_conv_19,22,2026-02-01,expanded_session,19,363,9,0,[],,0,0,0
p3,train,p3_conv_20,23,2026-02-10,expanded_session,19,360,10,0,[],,0,0,0
p3,train,p3_conv_21,24,2026-02-22,expanded_session,22,409,11,0,[],,0,0,0
p3,train,p3_conv_22,25,2026-02-28,expanded_session,22,467,11,0,[],,0,0,0
p3,train,p3_conv_23,26,2026-03-15,expanded_session,20,368,10,0,[],,0,0,0
p3,train,p3_conv_24,27,2026-04-30,expanded_session,22,419,11,0,[],,0,0,0
p4,test,esc837,0,2024-06-15,esconv_seed,23,510,11,0,"[""esconv_0837""]",esconv_0837,18,0,0
p4,test,esc873,1,2024-06-21,esconv_seed,21,278,10,0,"[""esconv_0873""]",esconv_0873,17,0,1
p4,test,esc1282,2,2024-08-02,esconv_seed,24,357,12,0,"[""esconv_1282""]",esconv_1282,17,0,0
p4,test,esc513,3,2024-09-21,esconv_seed,19,403,9,0,"[""esconv_0513""]",esconv_0513,15,0,7
p4,test,p4_conv_1,4,2024-11-05,expanded_session,19,402,10,0,[],,0,0,0
p4,test,p4_conv_2,5,2025-01-20,expanded_session,20,436,10,0,[],,0,0,0
p4,test,p4_conv_3,6,2025-02-15,expanded_session,21,507,11,0,[],,0,0,0
p4,test,esc508,7,2025-03-01,esconv_seed,17,506,9,0,[],esconv_0508,15,0,1
p4,test,p4_conv_4,8,2025-03-15,expanded_session,18,338,9,0,[],,0,0,0
p4,test,p4_conv_5,9,2025-03-17,expanded_session,19,609,10,0,[],,0,0,0
p4,test,p4_conv_6,10,2025-03-20,expanded_session,21,478,11,0,[],,0,0,0
p4,test,p4_conv_7,11,2025-03-25,expanded_session,20,464,10,0,[],,0,0,0
p4,test,p4_conv_8,12,2025-03-28,expanded_session,28,438,14,0,[],,0,0,1
p4,test,p4_conv_9,13,2025-04-02,expanded_session,19,469,10,0,[],,0,0,0
p4,test,p4_conv_10,14,2025-05-05,expanded_session,20,412,10,0,[],,0,0,0
p4,test,p4_conv_11,15,2025-05-10,expanded_session,24,366,12,0,[],,0,0,0
p4,test,p4_conv_12,16,2025-05-15,expanded_session,22,463,11,0,[],,0,0,0
p4,test,p4_conv_13,17,2025-05-20,expanded_session,20,444,10,0,[],,0,0,0
p4,test,p4_conv_14,18,2025-06-05,expanded_session,24,450,12,0,[],,0,0,0
p4,test,p4_conv_15,19,2025-06-18,expanded_session,23,441,11,0,[],,0,0,0
p4,test,p4_conv_16,20,2025-07-05,expanded_session,23,490,12,0,[],,0,0,0
p4,test,p4_conv_17,21,2025-07-12,expanded_session,24,426,12,0,[],,0,0,0
p5,train,esc62,0,2024-05-01,esconv_seed,29,267,18,1,[],esconv_0062,17,0,10
p5,train,esc968,1,2024-06-10,esconv_seed,25,366,12,1,"[""esconv_0968""]",esconv_0968,19,0,1
p5,train,esc652,2,2024-06-16,esconv_seed,30,434,13,1,"[""esconv_0652""]",esconv_0652,18,0,6
p5,train,esc1013,3,2024-10-01,esconv_seed,19,269,8,0,"[""esconv_1013""]",esconv_1013,18,0,4
p5,train,p5_conv_1,4,2024-10-15,expanded_session,23,433,12,0,[],,0,0,0
p5,train,p5_conv_2,5,2024-11-18,expanded_session,20,335,10,0,[],,0,0,0
p5,train,p5_conv_3,6,2024-12-05,expanded_session,22,409,11,0,[],,0,0,0
p5,train,p5_conv_4,7,2025-01-15,expanded_session,20,421,10,0,[],,0,0,0
p5,train,p5_conv_5,8,2025-02-10,expanded_session,22,461,11,0,[],,0,0,0
p5,train,p5_conv_6,9,2025-03-10,expanded_session,22,345,11,0,[],,0,0,0
p5,train,p5_conv_7,10,2025-04-05,expanded_session,26,411,13,0,[],,0,0,0
p5,train,p5_conv_8,11,2025-04-20,expanded_session,20,447,10,0,[],,0,0,0
p5,train,p5_conv_9,12,2025-05-15,expanded_session,22,448,11,0,[],,0,0,0
p5,train,p5_conv_10,13,2025-07-18,expanded_session,18,440,9,0,[],,0,0,0
p5,train,p5_conv_11,14,2025-08-10,expanded_session,26,479,13,0,[],,0,0,0
p5,train,p5_conv_12,15,2025-09-01,expanded_session,22,439,11,0,[],,0,0,0
p5,train,p5_conv_13,16,2025-09-15,expanded_session,22,384,11,0,[],,0,0,0
p5,train,p5_conv_14,17,2025-09-30,expanded_session,18,488,9,0,[],,0,0,0
p5,train,p5_conv_15,18,2025-10-05,expanded_session,26,436,13,0,[],,0,0,0
p5,train,p5_conv_16,19,2025-11-05,expanded_session,20,409,10,0,[],,0,0,0
p6,train,esc140,0,2024-06-11,esconv_seed,18,327,12,0,"[""esconv_0140""]",esconv_0140,12,0,5
p6,train,esc1121,1,2024-09-01,esconv_seed,23,584,12,0,"[""esconv_1121""]",esconv_1121,19,0,1
p6,train,esc717,2,2024-09-15,esconv_seed,22,220,11,0,"[""esconv_0717""]",esconv_0717,13,0,0
p6,train,esc858,3,2024-10-05,esconv_seed,29,482,14,1,[],esconv_0858,23,0,7
p6,train,p6_conv_1,4,2024-10-15,expanded_session,25,440,13,0,[],,0,0,0
p6,train,p6_conv_2,5,2024-10-20,expanded_session,22,403,11,0,[],,0,0,0
p6,train,p6_conv_3,6,2024-10-28,expanded_session,19,407,10,0,[],,0,0,0
p6,train,esc660,7,2024-11-01,esconv_seed,20,378,10,0,"[""esconv_0660""]",esconv_0660,18,0,0
p6,train,p6_conv_4,8,2024-11-05,expanded_session,21,395,10,0,[],,0,0,0
p6,train,p6_conv_5,9,2024-11-15,expanded_session,25,500,13,0,[],,0,0,0
p6,train,p6_conv_6,10,2024-12-10,expanded_session,20,496,10,0,[],,0,0,0
p6,train,p6_conv_7,11,2025-01-10,expanded_session,20,377,10,0,[],,0,0,0
p6,train,p6_conv_8,12,2025-01-15,expanded_session,20,334,10,0,[],,0,0,0
p6,train,p6_conv_9,13,2025-03-15,expanded_session,28,415,14,0,[],,0,0,0
p6,train,p6_conv_10,14,2025-03-20,expanded_session,26,435,13,0,[],,0,0,0
p6,train,p6_conv_11,15,2025-04-05,expanded_session,26,392,13,0,[],,0,0,0
p6,train,p6_conv_12,16,2025-05-01,expanded_session,21,400,10,0,[],,0,0,0
p6,train,p6_conv_13,17,2025-06-01,expanded_session,26,482,13,0,[],,0,0,0
p6,train,p6_conv_14,18,2025-08-05,expanded_session,22,364,11,0,[],,0,0,0
p6,train,p6_conv_15,19,2025-08-15,expanded_session,23,462,11,0,[],,0,0,0
p6,train,p6_conv_16,20,2025-08-20,expanded_session,24,534,12,0,[],,0,0,0
p6,train,p6_conv_17,21,2025-08-25,expanded_session,22,517,11,0,[],,0,0,0
p6,train,p6_conv_18,22,2025-08-28,expanded_session,25,560,13,0,[],,0,0,0
p6,train,p6_conv_19,23,2025-09-15,expanded_session,24,448,12,0,[],,0,0,0
p6,train,p6_conv_20,24,2025-09-18,expanded_session,22,342,11,0,[],,0,0,0
p7,test,esc1054,0,2024-06-10,esconv_seed,37,817,19,1,"[""esconv_1054""]",esconv_1054,32,0,8
p7,test,esc1231,1,2024-07-17,esconv_seed,24,341,9,0,"[""esconv_1231""]",esconv_1231,15,0,6
p7,test,esc1109,2,2024-08-05,esconv_seed,30,625,18,0,"[""esconv_1109""]",esconv_1109,27,0,5
p7,test,esc1002,3,2024-08-20,esconv_seed,21,257,11,0,"[""esconv_1002""]",esconv_1002,16,0,5
p7,test,p7_conv_1,4,2024-10-11,expanded_session,25,373,13,0,[],,0,0,0
p7,test,p7_conv_2,5,2024-10-15,expanded_session,20,404,10,0,[],,0,0,0
p7,test,p7_conv_3,6,2025-01-15,expanded_session,21,411,10,0,[],,0,0,0
p7,test,p7_conv_4,7,2025-02-14,expanded_session,26,414,13,0,[],,0,0,0
p7,test,p7_conv_5,8,2025-03-10,expanded_session,25,451,13,0,[],,0,0,0
p7,test,p7_conv_6,9,2025-05-15,expanded_session,24,403,12,0,[],,0,0,0
p7,test,p7_conv_7,10,2025-06-01,expanded_session,20,407,10,0,[],,0,0,0
p7,test,p7_conv_8,11,2025-06-20,expanded_session,21,395,11,0,[],,0,0,0
p7,test,p7_conv_9,12,2025-07-25,expanded_session,24,469,12,0,[],,0,0,0
p7,test,p7_conv_10,13,2025-08-05,expanded_session,25,489,12,0,[],,0,0,0
p7,test,p7_conv_11,14,2025-08-15,expanded_session,20,477,10,0,[],,0,0,0
p7,test,esc75,15,2025-09-11,esconv_seed,30,339,13,0,"[""esconv_0075""]",esconv_0075,17,0,10
p7,test,p7_conv_12,16,2025-09-15,expanded_session,22,353,11,0,[],,0,0,0
p7,test,p7_conv_13,17,2025-09-20,expanded_session,21,401,10,0,[],,0,0,0
p7,test,p7_conv_14,18,2025-09-30,expanded_session,21,444,11,0,[],,0,0,0
p8,train,esc1283,0,2024-07-05,esconv_seed,21,308,11,0,"[""esconv_1283""]",esconv_1283,18,0,0
p8,train,esc242,1,2024-07-15,esconv_seed,43,789,19,1,"[""esconv_0242""]",esconv_0242,35,0,9
p8,train,p8_conv_1,2,2024-08-05,expanded_session,20,424,10,0,[],,0,0,0
p8,train,esc617,3,2024-08-15,esconv_seed,24,470,13,0,"[""esconv_0617""]",esconv_0617,20,0,3
p8,train,p8_conv_2,4,2024-08-20,expanded_session,22,458,11,0,[],,0,0,0
p8,train,esc995,5,2024-09-01,esconv_seed,45,613,23,0,[],esconv_0995,32,0,12
p8,train,esc1082,6,2024-09-15,esconv_seed,38,326,15,0,"[""esconv_1082""]",esconv_1082,20,0,11
p8,train,p8_conv_3,7,2024-10-10,expanded_session,20,335,10,0,[],,0,0,0
p8,train,p8_conv_4,8,2024-10-25,expanded_session,22,419,11,0,[],,0,0,0
p8,train,p8_conv_5,9,2024-11-05,expanded_session,25,313,13,0,[],,0,0,0
p8,train,p8_conv_6,10,2024-11-20,expanded_session,21,380,11,0,[],,0,0,0
p8,train,p8_conv_7,11,2024-11-25,expanded_session,22,469,11,0,[],,0,0,0
p8,train,p8_conv_8,12,2024-12-01,expanded_session,24,534,12,0,[],,0,0,0
p8,train,p8_conv_9,13,2024-12-03,expanded_session,24,441,12,0,[],,0,0,0
p8,train,p8_conv_10,14,2024-12-10,expanded_session,23,462,12,0,[],,0,0,0
p8,train,p8_conv_11,15,2025-01-05,expanded_session,23,425,11,0,[],,0,0,0
p8,train,p8_conv_12,16,2025-01-10,expanded_session,22,362,11,0,[],,0,0,0
p8,train,p8_conv_13,17,2025-01-25,expanded_session,22,490,11,0,[],,0,0,0
p8,train,p8_conv_14,18,2025-02-05,expanded_session,25,476,13,0,[],,0,0,0
p8,train,p8_conv_15,19,2025-02-14,expanded_session,25,446,12,0,[],,0,0,0
p8,train,p8_conv_16,20,2025-03-01,expanded_session,20,442,10,0,[],,0,0,0
p8,train,p8_conv_17,21,2025-03-05,expanded_session,27,479,13,0,[],,0,0,0
p8,train,p8_conv_18,22,2025-03-15,expanded_session,24,416,12,0,[],,0,0,0
p8,train,p8_conv_19,23,2025-03-20,expanded_session,23,448,12,0,[],,0,0,0
p8,train,p8_conv_20,24,2025-03-28,expanded_session,22,492,11,0,[],,0,0,0
p8,train,p8_conv_21,25,2025-04-01,expanded_session,24,413,12,0,[],,0,0,0
p8,train,p8_conv_22,26,2025-05-15,expanded_session,24,393,12,0,[],,0,0,0
p8,train,p8_conv_23,27,2025-05-20,expanded_session,22,426,11,0,[],,0,0,0
p8,train,p8_conv_24,28,2025-06-01,expanded_session,23,479,12,0,[],,0,0,0
p8,train,p8_conv_25,29,2025-06-15,expanded_session,22,370,11,0,[],,0,0,0
p8,train,p8_conv_26,30,2025-08-01,expanded_session,23,447,12,0,[],,0,0,0
p8,train,p8_conv_27,31,2025-09-10,expanded_session,19,303,9,0,[],,0,0,0
p8,train,p8_conv_28,32,2025-09-15,expanded_session,22,400,11,0,[],,0,0,0
p9,train,esc82,0,2024-06-14,esconv_seed,31,440,17,0,[],esconv_0082,20,0,4
p9,train,esc88,1,2024-07-15,esconv_seed,25,337,14,0,[],esconv_0088,19,0,2
p9,train,esc539,2,2024-08-31,esconv_seed,20,209,8,1,[],esconv_0539,10,0,5
p9,train,esc682,3,2024-09-11,esconv_seed,21,303,10,0,"[""esconv_0682""]",esconv_0682,20,0,0
p9,train,esc994,4,2024-09-12,esconv_seed,29,420,15,0,"[""esconv_0994""]",esconv_0994,21,0,9
p9,train,p9_conv_1,5,2024-10-20,expanded_session,21,392,11,0,[],,0,0,0
p9,train,p9_conv_2,6,2024-11-01,expanded_session,19,438,10,0,[],,0,0,0
p9,train,p9_conv_3,7,2024-11-15,expanded_session,26,372,13,0,[],,0,0,0
p9,train,p9_conv_4,8,2024-12-05,expanded_session,22,545,11,0,[],,0,0,0
p9,train,p9_conv_5,9,2024-12-18,expanded_session,22,475,11,0,[],,0,0,0
p9,train,p9_conv_6,10,2025-02-02,expanded_session,24,493,12,0,[],,0,0,0
p9,train,p9_conv_7,11,2025-03-01,expanded_session,19,427,10,0,[],,0,0,0
p9,train,p9_conv_8,12,2025-05-10,expanded_session,20,418,10,0,[],,0,0,0
p9,train,p9_conv_9,13,2025-06-05,expanded_session,21,380,10,0,[],,0,0,0
p9,train,p9_conv_10,14,2025-06-15,expanded_session,22,471,11,0,[],,0,0,0
p9,train,p9_conv_11,15,2025-07-01,expanded_session,22,456,11,0,[],,0,0,0
p9,train,p9_conv_12,16,2025-07-25,expanded_session,20,437,10,0,[],,0,0,0
p9,train,p9_conv_13,17,2025-08-05,expanded_session,29,461,14,0,[],,0,0,0
p9,train,p9_conv_14,18,2025-09-01,expanded_session,21,398,10,0,[],,0,0,0
p9,train,p9_conv_15,19,2025-09-10,expanded_session,23,414,11,0,[],,0,0,0
p9,train,p9_conv_16,20,2025-09-25,expanded_session,22,425,11,0,[],,0,0,0
p10,train,esc81,0,2024-07-01,esconv_seed,38,480,18,0,"[""esconv_0081""]",esconv_0081,27,0,7
p10,train,esc1290,1,2024-07-14,esconv_seed,27,551,15,0,"[""esconv_1290""]",esconv_1290,24,0,6
p10,train,esc1029,2,2024-08-25,esconv_seed,22,194,11,0,[],esconv_1029,12,0,0
p10,train,esc1000,3,2024-09-06,esconv_seed,28,517,13,0,"[""esconv_1000""]",esconv_1000,19,0,2
p10,train,p10_conv_1,4,2024-10-10,expanded_session,23,423,11,0,[],,0,0,0
p10,train,p10_conv_2,5,2024-10-15,expanded_session,20,384,10,0,[],,0,0,0
p10,train,p10_conv_3,6,2024-10-25,expanded_session,20,344,10,0,[],,0,0,0
p10,train,p10_conv_4,7,2024-11-05,expanded_session,19,299,9,0,[],,0,0,0
p10,train,p10_conv_5,8,2024-11-15,expanded_session,22,397,11,0,[],,0,0,0
p10,train,p10_conv_6,9,2024-12-20,expanded_session,25,407,12,0,[],,0,0,0
p10,train,p10_conv_7,10,2024-12-30,expanded_session,20,381,10,0,[],,0,0,0
p10,train,p10_conv_8,11,2025-01-10,expanded_session,27,561,13,0,[],,0,0,0
p10,train,p10_conv_9,12,2025-02-05,expanded_session,21,384,11,0,[],,0,0,0
p10,train,p10_conv_10,13,2025-03-05,expanded_session,23,461,12,0,[],,0,0,0
p10,train,p10_conv_11,14,2025-04-01,expanded_session,24,431,12,0,[],,0,0,0
p10,train,p10_conv_12,15,2025-05-12,expanded_session,27,595,14,0,[],,0,0,0
p10,train,p10_conv_13,16,2025-09-10,expanded_session,24,475,12,0,[],,0,0,0
p10,train,p10_conv_14,17,2025-09-30,expanded_session,20,417,10,0,[],,0,0,0
p11,train,esc1216,0,2024-07-10,esconv_seed,29,540,12,1,[],esconv_1216,20,0,4
p11,train,esc768,1,2024-09-05,esconv_seed,42,554,19,0,[],esconv_0768,25,0,16
p11,train,esc860,2,2024-09-15,esconv_seed,28,408,13,0,"[""esconv_0860""]",esconv_0860,16,0,10
p11,train,esc1098,3,2024-09-25,esconv_seed,23,409,12,0,"[""esconv_1098""]",esconv_1098,19,0,4
p11,train,esc427,4,2024-09-30,esconv_seed,25,271,13,0,"[""esconv_0427""]",esconv_0427,18,0,4
p11,train,p11_conv_1,5,2024-10-15,expanded_session,23,437,12,0,[],,0,0,0
p11,train,p11_conv_2,6,2024-10-20,expanded_session,21,410,11,0,[],,0,0,0
p11,train,p11_conv_3,7,2024-11-05,expanded_session,26,407,13,0,[],,0,0,0
p11,train,p11_conv_4,8,2024-11-10,expanded_session,19,392,10,0,[],,0,0,0
p11,train,p11_conv_5,9,2024-11-12,expanded_session,22,379,11,0,[],,0,0,0
p11,train,p11_conv_6,10,2024-11-30,expanded_session,20,437,10,0,[],,0,0,0
p11,train,p11_conv_7,11,2024-12-20,expanded_session,21,332,10,0,[],,0,0,0
p11,train,p11_conv_8,12,2025-01-05,expanded_session,22,403,11,0,[],,0,0,0
p11,train,p11_conv_9,13,2025-02-01,expanded_session,26,493,13,0,[],,0,0,0
p11,train,p11_conv_10,14,2025-02-05,expanded_session,20,380,10,0,[],,0,0,0
p11,train,p11_conv_11,15,2025-02-20,expanded_session,23,526,11,0,[],,0,0,0
p11,train,p11_conv_12,16,2025-03-25,expanded_session,23,464,12,0,[],,0,0,0
p11,train,p11_conv_13,17,2025-04-15,expanded_session,22,566,11,0,[],,0,0,0
p11,train,p11_conv_14,18,2025-05-10,expanded_session,22,488,11,0,[],,0,0,0
p11,train,p11_conv_15,19,2025-06-01,expanded_session,24,449,12,0,[],,0,0,0
p11,train,p11_conv_16,20,2025-06-20,expanded_session,20,344,10,0,[],,0,0,0
p11,train,p11_conv_17,21,2025-07-08,expanded_session,20,459,10,0,[],,0,0,0
p11,train,p11_conv_18,22,2025-08-10,expanded_session,21,380,10,0,[],,0,0,0
p12,train,esc894,0,2024-06-10,esconv_seed,28,616,15,0,"[""esconv_0894""]",esconv_0894,24,0,10
p12,train,esc1212,1,2024-06-15,esconv_seed,18,235,8,0,[],esconv_1212,12,0,6
p12,train,esc989,2,2024-07-25,esconv_seed,41,485,16,0,[],esconv_0989,20,0,22
p12,train,esc559,3,2024-08-15,esconv_seed,30,453,16,0,"[""esconv_0559""]",esconv_0559,26,0,5
p12,train,esc1149,4,2024-09-12,esconv_seed,21,497,11,0,"[""esconv_1149""]",esconv_1149,15,0,0
p12,train,p12_conv_1,5,2024-09-15,expanded_session,19,352,10,0,[],,0,0,0
p12,train,p12_conv_2,6,2024-10-05,expanded_session,23,434,12,0,[],,0,0,0
p12,train,p12_conv_3,7,2024-10-10,expanded_session,25,491,12,0,[],,0,0,0
p12,train,p12_conv_4,8,2024-11-01,expanded_session,22,455,11,0,[],,0,0,0
p12,train,p12_conv_5,9,2024-11-10,expanded_session,25,376,13,0,[],,0,0,0
p12,train,p12_conv_6,10,2024-11-15,expanded_session,20,463,10,0,[],,0,0,0
p12,train,p12_conv_7,11,2025-01-01,expanded_session,20,454,10,0,[],,0,0,0
p12,train,p12_conv_8,12,2025-01-12,expanded_session,22,436,11,0,[],,0,0,0
p12,train,p12_conv_9,13,2025-02-20,expanded_session,24,372,12,0,[],,0,0,0
p12,train,p12_conv_10,14,2025-03-10,expanded_session,21,367,11,0,[],,0,0,0
p12,train,p12_conv_11,15,2025-04-05,expanded_session,20,484,10,0,[],,0,0,0
p12,train,p12_conv_12,16,2025-06-15,expanded_session,25,511,12,0,[],,0,0,0
p12,train,p12_conv_13,17,2025-07-10,expanded_session,24,390,12,0,[],,0,0,0
p12,train,p12_conv_14,18,2025-08-25,expanded_session,24,558,12,0,[],,0,0,0
p12,train,p12_conv_15,19,2025-09-25,expanded_session,26,443,13,0,[],,0,0,0
p13,train,esc585,0,2024-07-01,esconv_seed,13,168,5,0,[],esconv_0585,9,0,3
p13,train,esc410,1,2024-07-06,esconv_seed,30,738,16,2,"[""esconv_0410""]",esconv_0410,24,0,11
p13,train,p13_conv_1,2,2024-08-15,expanded_session,23,349,12,0,[],,0,0,0
p13,train,p13_conv_2,3,2024-11-10,expanded_session,25,454,13,0,[],,0,0,0
p13,train,p13_conv_3,4,2024-12-01,expanded_session,20,410,10,0,[],,0,0,0
p13,train,p13_conv_4,5,2024-12-20,expanded_session,23,461,12,0,[],,0,0,0
p13,train,p13_conv_5,6,2025-01-05,expanded_session,21,595,11,0,[],,0,0,0
p13,train,p13_conv_6,7,2025-01-15,expanded_session,22,439,11,0,[],,0,0,0
p13,train,p13_conv_7,8,2025-02-07,expanded_session,21,425,11,0,[],,0,0,0
p13,train,p13_conv_8,9,2025-02-15,expanded_session,20,441,10,0,[],,0,0,0
p13,train,p13_conv_9,10,2025-03-05,expanded_session,24,509,12,0,[],,0,0,0
p13,train,p13_conv_10,11,2025-03-15,expanded_session,25,421,13,0,[],,0,0,0
p13,train,esc785,12,2025-04-21,esconv_seed,42,611,14,0,[],esconv_0785,28,0,17
p13,train,p13_conv_11,13,2025-05-20,expanded_session,23,515,12,0,[],,0,0,0
p13,train,esc1198,14,2025-06-10,esconv_seed,26,669,13,0,[],esconv_1198,21,0,3
p13,train,p13_conv_12,15,2025-06-30,expanded_session,24,557,12,0,[],,0,0,0
p13,train,p13_conv_13,16,2025-07-01,expanded_session,21,405,10,0,[],,0,0,0
p13,train,p13_conv_14,17,2025-07-05,expanded_session,27,457,14,0,[],,0,0,0
p13,train,p13_conv_15,18,2025-08-01,expanded_session,22,362,11,0,[],,0,0,0
p13,train,esc27,19,2025-08-10,esconv_seed,23,476,11,0,"[""esconv_0027""]",esconv_0027,20,0,5
p13,train,p13_conv_16,20,2025-08-12,expanded_session,22,437,11,0,[],,0,0,0
p13,train,p13_conv_17,21,2025-08-25,expanded_session,20,463,10,0,[],,0,0,0
p13,train,p13_conv_18,22,2025-09-15,expanded_session,25,458,12,0,[],,0,0,0
p14,test,esc548,0,2024-06-10,esconv_seed,45,711,24,0,"[""esconv_0548""]",esconv_0548,31,0,9
p14,test,esc942,1,2024-07-05,esconv_seed,30,543,15,0,"[""esconv_0942""]",esconv_0942,20,0,4
p14,test,esc912,2,2024-08-12,esconv_seed,21,328,11,0,[],esconv_0912,16,0,0
p14,test,esc769,3,2024-09-18,esconv_seed,25,369,12,0,[],esconv_0769,14,0,2
p14,test,esc1015,4,2024-09-25,esconv_seed,30,519,16,0,"[""esconv_1015""]",esconv_1015,21,0,6
p14,test,p14_conv_1,5,2024-10-03,expanded_session,19,339,10,0,[],,0,0,0
p14,test,p14_conv_2,6,2024-10-08,expanded_session,23,425,12,0,[],,0,0,0
p14,test,p14_conv_3,7,2024-10-20,expanded_session,22,398,11,0,[],,0,0,0
p14,test,p14_conv_4,8,2024-10-28,expanded_session,24,453,12,0,[],,0,0,0
p14,test,p14_conv_5,9,2024-11-05,expanded_session,20,463,10,0,[],,0,0,0
p14,test,p14_conv_6,10,2024-12-01,expanded_session,22,411,11,0,[],,0,0,0
p14,test,p14_conv_7,11,2024-12-15,expanded_session,19,444,9,0,[],,0,0,0
p14,test,p14_conv_8,12,2025-01-05,expanded_session,22,467,11,0,[],,0,0,0
p14,test,p14_conv_9,13,2025-01-10,expanded_session,20,525,10,0,[],,0,0,0
p14,test,p14_conv_10,14,2025-04-15,expanded_session,24,423,12,0,[],,0,0,0
p14,test,p14_conv_11,15,2025-05-20,expanded_session,22,480,11,0,[],,0,0,0
p14,test,p14_conv_12,16,2025-09-28,expanded_session,20,430,10,0,[],,0,0,0
p15,dev,p15_conv_1,0,2024-03-12,expanded_session,24,379,12,0,[],,0,0,0
p15,dev,esc1138,1,2024-06-10,esconv_seed,33,515,14,0,[],esconv_1138,23,0,17
p15,dev,esc1006,2,2024-07-01,esconv_seed,26,370,13,3,"[""esconv_1006""]",esconv_1006,20,0,3
p15,dev,esc119,3,2024-09-15,esconv_seed,24,561,13,0,"[""esconv_0119""]",esconv_0119,23,0,3
p15,dev,p15_conv_2,4,2024-09-20,expanded_session,24,446,12,0,[],,0,0,0
p15,dev,p15_conv_3,5,2024-10-10,expanded_session,24,458,12,0,[],,0,0,0
p15,dev,p15_conv_4,6,2024-10-18,expanded_session,24,355,12,0,[],,0,0,0
p15,dev,p15_conv_5,7,2024-10-28,expanded_session,26,325,13,0,[],,0,0,0
p15,dev,p15_conv_6,8,2024-10-30,expanded_session,22,420,11,0,[],,0,0,0
p15,dev,p15_conv_7,9,2024-11-05,expanded_session,25,455,13,0,[],,0,0,0
p15,dev,p15_conv_8,10,2024-12-01,expanded_session,20,383,10,0,[],,0,0,0
p15,dev,p15_conv_9,11,2024-12-20,expanded_session,25,381,13,0,[],,0,0,0
p15,dev,p15_conv_10,12,2025-01-05,expanded_session,23,426,12,0,[],,0,0,0
p15,dev,p15_conv_11,13,2025-02-10,expanded_session,23,356,12,0,[],,0,0,0
p15,dev,p15_conv_12,14,2025-02-15,expanded_session,20,424,10,0,[],,0,0,0
p15,dev,p15_conv_13,15,2025-03-05,expanded_session,20,357,10,0,[],,0,0,0
p15,dev,p15_conv_14,16,2025-03-20,expanded_session,23,441,11,0,[],,0,0,0
p15,dev,esc1263,17,2025-03-25,esconv_seed,25,431,11,1,[],esconv_1263,18,0,5
p15,dev,p15_conv_15,18,2025-04-12,expanded_session,20,477,10,0,[],,0,0,0
p15,dev,esc86,19,2025-04-20,esconv_seed,33,925,20,0,"[""esconv_0086""]",esconv_0086,29,0,9
p15,dev,p15_conv_16,20,2025-04-22,expanded_session,20,392,10,0,[],,0,0,0
p15,dev,p15_conv_17,21,2025-05-10,expanded_session,20,358,10,0,[],,0,0,0
p16,train,esc371,0,2024-06-10,esconv_seed,33,467,17,2,"[""esconv_0371""]",esconv_0371,28,0,5
p16,train,esc915,1,2024-07-20,esconv_seed,28,340,10,1,"[""esconv_0915""]",esconv_0915,20,0,7
p16,train,p16_conv_1,2,2024-07-25,expanded_session,19,329,10,0,[],,0,0,0
p16,train,esc538,3,2024-09-01,esconv_seed,22,581,12,0,"[""esconv_0538""]",esconv_0538,19,0,1
p16,train,esc228,4,2024-09-10,esconv_seed,25,459,14,1,[],esconv_0228,16,0,3
p16,train,p16_conv_2,5,2024-10-01,expanded_session,18,269,9,0,[],,0,0,0
p16,train,p16_conv_3,6,2024-10-15,expanded_session,18,413,9,0,[],,0,0,0
p16,train,p16_conv_4,7,2024-11-05,expanded_session,25,493,13,0,[],,0,0,0
p16,train,p16_conv_5,8,2024-11-20,expanded_session,22,378,11,0,[],,0,0,0
p16,train,p16_conv_6,9,2024-12-10,expanded_session,21,448,11,0,[],,0,0,0
p16,train,esc13,10,2024-12-25,esconv_seed,24,447,14,0,"[""esconv_0013""]",esconv_0013,18,0,3
p16,train,p16_conv_7,11,2025-01-05,expanded_session,26,450,13,0,[],,0,0,0
p16,train,p16_conv_8,12,2025-01-15,expanded_session,25,448,12,0,[],,0,0,0
p16,train,p16_conv_9,13,2025-02-01,expanded_session,24,358,12,0,[],,0,0,0
p16,train,p16_conv_10,14,2025-02-14,expanded_session,28,551,14,0,[],,0,0,0
p16,train,p16_conv_11,15,2025-03-10,expanded_session,25,494,12,0,[],,0,0,0
p16,train,p16_conv_12,16,2025-03-25,expanded_session,20,369,10,0,[],,0,0,0
p16,train,p16_conv_13,17,2025-04-22,expanded_session,26,396,13,0,[],,0,0,0
p16,train,p16_conv_14,18,2025-05-01,expanded_session,24,389,12,0,[],,0,0,0
p16,train,p16_conv_15,19,2025-05-18,expanded_session,23,555,11,0,[],,0,0,0
p16,train,p16_conv_16,20,2025-06-05,expanded_session,26,575,13,0,[],,0,0,0
p16,train,p16_conv_17,21,2025-06-08,expanded_session,30,477,15,0,[],,0,0,0
p16,train,p16_conv_18,22,2025-07-28,expanded_session,25,439,13,0,[],,0,0,0
p16,train,p16_conv_19,23,2025-08-30,expanded_session,22,536,11,0,[],,0,0,0
p16,train,p16_conv_20,24,2025-09-12,expanded_session,30,480,15,0,[],,0,0,0
p17,train,esc85,0,2024-06-10,esconv_seed,29,847,17,0,"[""esconv_0085""]",esconv_0085,25,0,12
p17,train,esc215,1,2024-06-25,esconv_seed,44,593,22,1,"[""esconv_0215""]",esconv_0215,32,0,2
p17,train,esc67,2,2024-07-12,esconv_seed,16,129,5,0,"[""esconv_0067""]",esconv_0067,8,0,7
p17,train,esc629,3,2024-07-15,esconv_seed,23,474,11,1,"[""esconv_0629""]",esconv_0629,20,0,1
p17,train,p17_conv_1,4,2024-07-25,expanded_session,19,313,10,0,[],,0,0,0
p17,train,esc904,5,2024-08-05,esconv_seed,27,479,13,0,"[""esconv_0904""]",esconv_0904,23,0,2
p17,train,p17_conv_2,6,2024-10-15,expanded_session,23,515,11,0,[],,0,0,0
p17,train,p17_conv_3,7,2024-10-20,expanded_session,25,459,13,0,[],,0,0,0
p17,train,p17_conv_4,8,2024-10-28,expanded_session,20,380,10,0,[],,0,0,0
p17,train,p17_conv_5,9,2024-11-05,expanded_session,23,398,12,0,[],,0,0,0
p17,train,p17_conv_6,10,2025-01-01,expanded_session,21,469,11,0,[],,0,0,0
p17,train,p17_conv_7,11,2025-01-05,expanded_session,21,578,11,0,[],,0,0,0
p17,train,p17_conv_8,12,2025-04-10,expanded_session,25,625,12,0,[],,0,0,0
p18,dev,esc982,0,2024-07-01,esconv_seed,20,224,10,0,"[""esconv_0982""]",esconv_0982,11,0,0
p18,dev,esc1252,1,2024-10-01,esconv_seed,23,362,12,0,[],esconv_1252,17,0,0
p18,dev,p18_conv_1,2,2024-11-05,expanded_session,28,442,14,0,[],,0,0,0
p18,dev,p18_conv_2,3,2025-01-05,expanded_session,21,343,11,0,[],,0,0,0
p18,dev,esc552,4,2025-01-15,esconv_seed,26,386,11,0,"[""esconv_0552""]",esconv_0552,17,0,4
p18,dev,p18_conv_3,5,2025-03-02,expanded_session,21,361,11,0,[],,0,0,0
p18,dev,p18_conv_4,6,2025-04-15,expanded_session,23,443,12,0,[],,0,0,0
p18,dev,esc1198,7,2025-04-20,esconv_seed,26,669,13,0,[],esconv_1198,21,0,3
p18,dev,p18_conv_5,8,2025-05-10,expanded_session,26,497,13,0,[],,0,0,0
p18,dev,p18_conv_6,9,2025-06-15,expanded_session,21,309,11,0,[],,0,0,0
p18,dev,p18_conv_7,10,2025-06-20,expanded_session,26,566,13,0,[],,0,0,0
p18,dev,p18_conv_8,11,2025-07-25,expanded_session,27,461,13,0,[],,0,0,0
p18,dev,p18_conv_9,12,2025-08-12,expanded_session,22,396,11,0,[],,0,0,0
p18,dev,esc326,13,2025-09-11,esconv_seed,16,212,6,0,[],esconv_0326,10,0,5
