owner,split,sessions,turns,words,first_date,last_date,seed_sessions
p1,dev,32,756,14844,2024-06-30,2025-12-31,4
p2,train,26,574,10812,2024-05-16,2025-05-10,4
p3,train,28,627,10489,2024-12-20,2026-04-30,4
p4,test,22,469,9687,2024-06-15,2025-07-12,5
p5,train,20,452,8121,2024-05-01,2025-11-05,4
p6,train,25,573,10694,2024-06-11,2025-09-18,5
p7,test,19,457,8270,2024-06-10,2025-09-30,5
p8,train,33,806,14448,2024-07-05,2025-09-15,5
p9,train,21,479,8711,2024-06-14,2025-09-25,5
p10,train,18,430,7701,2024-07-01,2025-09-30,4
p11,train,23,542,9928,2024-07-10,2025-08-10,5
p12,train,20,478,8872,2024-06-10,2025-09-25,5
p13,train,23,542,10820,2024-07-01,2025-09-15,5
p14,test,17,408,7728,2024-06-10,2025-09-28,5
p15,dev,22,524,9635,2024-03-12,2025-05-10,5
p16,train,25,609,11141,2024-06-10,2025-09-12,5
p17,train,13,316,6259,2024-06-10,2025-04-10,5
p18,dev,14,326,5671,2024-07-01,2025-09-11,5
