index,owner,split,session_id,cutoff_rank,prefix_turns,last_turn_words,short_greeting_candidate,thanks_marker,history_or_update_marker,prior_supporter_self_life_flag,rs_self_disclosure_in_top4,RS_inventory,MP_inventory,MS_inventory,ME_inventory
0,p10,train,esc1000,3,3,5,False,False,False,False,True,4,4,3,4
1,p10,train,p10_conv_4,7,1,9,True,False,False,False,False,4,4,4,4
2,p10,train,p10_conv_8,11,25,19,False,False,False,False,False,4,4,4,4
3,p10,train,p10_conv_9,12,6,20,False,False,False,False,True,4,4,4,4
4,p10,train,p10_conv_11,14,19,17,False,False,False,False,False,4,4,4,4
5,p10,train,p10_conv_12,15,22,23,False,False,False,False,False,4,4,4,4
6,p10,train,p10_conv_13,16,12,22,False,False,False,False,True,4,4,4,4
7,p10,train,p10_conv_14,17,7,25,False,False,False,False,False,4,4,4,4
8,p11,train,esc860,2,25,11,False,False,False,False,True,4,4,2,4
9,p11,train,p11_conv_2,6,14,20,False,False,False,False,True,4,4,4,4
10,p11,train,p11_conv_3,7,13,15,False,False,False,False,True,4,4,4,4
11,p11,train,p11_conv_5,9,13,19,False,False,False,False,True,4,4,4,4
12,p11,train,p11_conv_7,11,1,8,True,False,False,False,False,4,4,4,4
13,p11,train,p11_conv_9,13,6,34,False,False,False,False,False,4,4,4,4
14,p11,train,p11_conv_16,20,17,12,False,False,False,False,True,4,4,4,4
15,p11,train,p11_conv_17,21,4,22,False,True,False,False,False,4,4,4,4
16,p12,train,esc989,2,4,8,False,False,False,False,False,4,4,2,4
17,p12,train,esc559,3,1,1,True,False,False,False,False,4,4,3,4
18,p12,train,p12_conv_1,5,2,15,False,False,False,False,False,4,4,4,4
19,p12,train,p12_conv_8,12,17,27,False,False,False,False,False,4,4,4,4
20,p12,train,p12_conv_10,14,12,20,False,False,False,False,False,4,4,4,4
21,p12,train,p12_conv_11,15,2,17,False,False,False,False,False,4,4,4,4
22,p12,train,p12_conv_13,17,9,17,False,False,False,False,True,4,4,4,4
23,p12,train,p12_conv_14,18,5,27,False,False,False,False,False,4,4,4,4
24,p13,train,esc410,1,3,8,False,False,False,False,False,4,0,1,4
25,p13,train,p13_conv_1,2,14,17,False,True,False,False,True,4,2,2,4
26,p13,train,p13_conv_2,3,22,16,False,False,False,False,True,4,0,3,4
27,p13,train,p13_conv_6,7,1,19,False,False,True,False,False,4,2,4,4
28,p13,train,p13_conv_8,9,1,8,True,False,False,False,False,4,4,4,4
29,p13,train,p13_conv_10,11,2,16,False,False,False,False,False,4,4,4,4
30,p13,train,esc785,12,20,4,False,False,False,False,False,4,4,4,4
31,p13,train,p13_conv_11,13,8,21,False,False,False,False,True,4,4,4,4
32,p16,train,p16_conv_1,2,14,14,False,False,False,False,True,4,3,2,4
33,p16,train,p16_conv_3,6,6,31,False,False,False,False,True,4,4,4,4
34,p16,train,p16_conv_5,8,19,12,False,False,False,False,False,4,4,4,4
35,p16,train,p16_conv_7,11,21,21,False,False,False,False,False,4,4,4,4
36,p16,train,p16_conv_11,15,23,21,False,True,False,False,True,4,4,4,4
37,p16,train,p16_conv_12,16,5,27,False,True,False,False,False,4,4,4,4
38,p16,train,p16_conv_16,20,16,20,False,False,False,False,True,4,4,4,4
39,p16,train,p16_conv_18,22,16,20,False,False,False,False,False,4,4,4,4
40,p17,train,esc67,2,2,12,False,False,False,False,False,4,3,2,4
41,p17,train,p17_conv_1,4,8,18,False,False,False,False,False,4,1,4,4
42,p17,train,esc904,5,2,1,True,False,False,False,False,4,0,4,4
43,p17,train,p17_conv_2,6,3,17,False,False,False,False,False,4,3,4,4
44,p17,train,p17_conv_3,7,18,21,False,False,False,False,True,4,3,4,4
45,p17,train,p17_conv_6,10,8,19,False,False,False,False,False,4,4,4,4
46,p17,train,p17_conv_7,11,6,32,False,False,False,False,True,4,4,4,4
47,p17,train,p17_conv_8,12,3,21,False,False,False,False,False,4,4,4,4
48,p2,train,p2_conv_4,7,4,26,False,False,False,False,False,4,4,4,4
49,p2,train,p2_conv_5,8,1,11,True,False,False,False,False,4,4,4,4
50,p2,train,p2_conv_6,9,11,23,False,False,False,False,True,4,4,4,4
51,p2,train,p2_conv_12,15,1,13,False,False,False,False,False,4,4,4,4
52,p2,train,p2_conv_13,16,4,21,False,False,False,False,False,4,4,4,4
53,p2,train,p2_conv_14,17,14,22,False,False,False,False,True,4,4,4,4
54,p2,train,p2_conv_20,23,5,32,False,False,False,False,True,4,4,4,4
55,p2,train,p2_conv_22,25,2,19,False,False,False,False,False,4,4,4,4
56,p3,train,esc844,1,8,9,False,False,False,False,True,4,1,1,4
57,p3,train,p3_conv_5,7,5,29,False,False,False,False,True,4,2,4,4
58,p3,train,esc51,9,8,18,False,False,False,False,False,4,3,4,4
59,p3,train,p3_conv_7,10,21,13,False,True,False,False,False,4,2,4,4
60,p3,train,p3_conv_8,11,8,14,False,False,True,False,True,4,3,4,4
61,p3,train,p3_conv_14,17,13,24,False,False,False,False,True,4,0,4,4
62,p3,train,p3_conv_20,23,4,22,False,False,False,False,False,4,0,4,4
63,p3,train,p3_conv_24,27,10,22,False,False,False,False,True,4,0,4,4
64,p5,train,esc1013,3,9,21,False,False,False,False,False,4,4,3,4
65,p5,train,p5_conv_1,4,20,15,False,False,True,False,False,4,4,4,4
66,p5,train,p5_conv_2,5,11,16,False,False,False,False,False,4,4,4,4
67,p5,train,p5_conv_6,9,1,12,True,False,False,False,True,4,4,4,4
68,p5,train,p5_conv_8,11,9,28,False,False,True,False,False,4,4,4,4
69,p5,train,p5_conv_11,14,12,18,False,False,False,False,True,4,4,4,4
70,p5,train,p5_conv_13,16,14,23,False,False,True,False,False,4,4,4,4
71,p5,train,p5_conv_16,19,17,25,False,False,False,False,False,4,4,4,4
72,p6,train,p6_conv_6,10,12,26,False,False,False,False,False,4,2,4,4
73,p6,train,p6_conv_7,11,5,30,False,False,False,False,False,4,3,4,4
74,p6,train,p6_conv_9,13,20,14,False,False,False,False,False,4,4,4,4
75,p6,train,p6_conv_11,15,7,15,False,False,False,False,False,4,4,4,4
76,p6,train,p6_conv_13,17,15,16,False,False,False,False,False,4,4,4,4
77,p6,train,p6_conv_16,20,15,29,False,False,False,False,True,4,4,4,4
78,p6,train,p6_conv_17,21,12,21,False,False,True,False,False,4,4,4,4
79,p6,train,p6_conv_20,24,15,19,False,False,False,False,False,4,4,4,4
80,p8,train,p8_conv_4,8,6,18,False,False,False,False,True,4,4,4,4
81,p8,train,p8_conv_5,9,2,9,True,False,False,False,True,4,4,4,4
82,p8,train,p8_conv_6,10,2,17,False,False,False,False,True,4,4,4,4
83,p8,train,p8_conv_8,12,2,13,False,False,False,False,True,4,4,4,4
84,p8,train,p8_conv_9,13,18,16,False,False,False,False,False,4,4,4,4
85,p8,train,p8_conv_15,19,13,15,False,False,False,False,True,4,4,4,4
86,p8,train,p8_conv_24,28,8,28,False,False,False,False,False,4,4,4,4
87,p8,train,p8_conv_27,31,15,15,False,False,False,False,False,4,4,4,4
88,p9,train,esc88,1,13,6,False,False,False,False,False,4,0,1,4
89,p9,train,esc994,4,18,17,False,False,True,False,True,4,4,4,4
90,p9,train,p9_conv_1,5,14,22,False,False,False,False,False,4,4,4,4
91,p9,train,p9_conv_6,10,13,20,False,False,False,False,True,4,4,4,4
92,p9,train,p9_conv_8,12,17,13,False,True,False,False,False,4,4,4,4
93,p9,train,p9_conv_10,14,13,23,False,False,False,False,False,4,4,4,4
94,p9,train,p9_conv_15,19,9,20,False,False,False,False,True,4,4,4,4
95,p9,train,p9_conv_16,20,5,21,False,False,False,False,False,4,4,4,4
96,p1,dev,p1_conv_4,7,19,22,False,False,False,False,True,4,4,4,4
97,p1,dev,p1_conv_6,9,9,26,False,False,False,False,False,4,4,4,4
98,p1,dev,p1_conv_12,15,9,28,False,False,False,False,True,4,4,4,4
99,p1,dev,p1_conv_13,16,23,12,False,False,False,False,False,4,4,4,4
100,p1,dev,p1_conv_18,21,7,23,False,False,False,False,True,4,4,4,4
101,p1,dev,p1_conv_23,26,17,23,False,False,False,False,False,4,4,4,4
102,p15,dev,esc1006,2,10,14,False,False,False,True,False,4,3,2,4
103,p15,dev,p15_conv_2,4,7,14,False,False,False,False,True,4,4,4,4
104,p15,dev,p15_conv_10,12,14,19,False,False,False,False,False,4,4,4,4
105,p15,dev,p15_conv_13,15,17,16,False,True,False,False,True,4,4,4,4
106,p15,dev,esc86,19,22,20,False,False,False,False,False,4,4,4,4
107,p15,dev,p15_conv_17,21,19,14,False,True,False,False,True,4,4,4,4
108,p18,dev,esc1252,1,22,7,False,True,False,False,True,4,1,1,0
109,p18,dev,p18_conv_1,2,3,8,False,False,False,False,False,4,1,2,1
110,p18,dev,p18_conv_2,3,12,17,False,False,False,False,False,4,0,3,4
111,p18,dev,esc552,4,9,9,False,False,False,False,False,4,3,4,4
112,p18,dev,p18_conv_3,5,14,21,False,False,False,False,False,4,3,4,4
113,p18,dev,p18_conv_4,6,10,15,False,False,False,False,True,4,3,4,4
