request_id,owner,split,prefix_identity,counts,count_total,same_head_repeat,response_words,response_self_life_flag,prefix_self_life_flag,supplied_self_disclosure_rs
eb91e69b35053663e1b4399aa5610fd3ddc82b3fd360b728cba3c2dbbbc4d1b6,p10,train,0e6773fd6e33ad0a91ee7287ce2b723407ba64012653b2f2c3bd7ac973073ee7,"[0, 0, 0, 0]",0,False,129,False,False,False
01a017f552aa7743ec3647f791217787c087de1af9fb40a6b3b60448d231c507,p10,train,0e6773fd6e33ad0a91ee7287ce2b723407ba64012653b2f2c3bd7ac973073ee7,"[0, 0, 0, 0]",0,False,179,False,False,False
765280633ef14a05f14325d6b0ea00655f4b323e057f7c63a667e0be80d39244,p10,train,0e6773fd6e33ad0a91ee7287ce2b723407ba64012653b2f2c3bd7ac973073ee7,"[0, 0, 1, 0]",1,False,67,False,False,False
fb32f3974f80aadce6ad1b69092a6e35502c766f3d42b85e61fb1793553d7a05,p10,train,0e6773fd6e33ad0a91ee7287ce2b723407ba64012653b2f2c3bd7ac973073ee7,"[0, 0, 1, 0]",1,False,79,False,False,False
775ef5bbfe6851470229f766f878d7d756c85f024f84736b15243212caa17eb6,p10,train,0e6773fd6e33ad0a91ee7287ce2b723407ba64012653b2f2c3bd7ac973073ee7,"[0, 0, 0, 1]",1,False,64,False,False,False
f1acec5d9edada44a54c0b0570d68a1b8b63f8c5c9658894b4fc0755f3723c5b,p11,train,71deb462e3b7070dce69728f93e00af90505134832226686b0649b1b01b51cb9,"[0, 0, 0, 0]",0,False,72,False,False,False
8612a3729ae26cd8db36ac24b821f8e78e87f4e621bf42c44d1e2f265e1306d4,p11,train,71deb462e3b7070dce69728f93e00af90505134832226686b0649b1b01b51cb9,"[0, 0, 0, 0]",0,False,63,False,False,False
01dabc09a16196602ef23874804b43cd33ce3dd190dde47d160bf7db438af9cb,p11,train,71deb462e3b7070dce69728f93e00af90505134832226686b0649b1b01b51cb9,"[0, 0, 1, 0]",1,False,106,False,False,False
1fbefe4ffecced8f2e7b91e9595271518b853d4171380e7c842b260ea1bb8fa8,p11,train,71deb462e3b7070dce69728f93e00af90505134832226686b0649b1b01b51cb9,"[0, 0, 1, 0]",1,False,74,False,False,False
8cbf802883240e1af5d8ad95936f7d0b956f4f1431cb7357b673ffbf9a0e4344,p11,train,71deb462e3b7070dce69728f93e00af90505134832226686b0649b1b01b51cb9,"[1, 0, 0, 0]",1,False,74,False,False,True
5c6853c7ca2ba3f141f9aabf96d4b49eaf1dea88892e6c52888a2699f9c4ff71,p12,train,58f5bddf6a4a1b2ac48620ec5ae3c70010f1852465496a6af7e3ac75e6f3b354,"[0, 0, 0, 0]",0,False,45,False,False,False
1b2b4cf62dd49bcf85fd606f91ac80a69257c5c0410a645d4490dc017cbd569d,p12,train,58f5bddf6a4a1b2ac48620ec5ae3c70010f1852465496a6af7e3ac75e6f3b354,"[0, 0, 0, 0]",0,False,47,False,False,False
8b0421830bb70fc972c379ff3f1a1a69342ba90c9ccb5b44c465e0ac4c1094b5,p12,train,58f5bddf6a4a1b2ac48620ec5ae3c70010f1852465496a6af7e3ac75e6f3b354,"[1, 0, 0, 0]",1,False,32,False,False,False
778edc91f8ed5f6b6052503b3989d7c072f3bb27a7dd489f07b09959e6cc9ee3,p12,train,58f5bddf6a4a1b2ac48620ec5ae3c70010f1852465496a6af7e3ac75e6f3b354,"[1, 0, 0, 0]",1,False,46,False,False,False
1769aaf354891148aa7cd4343ab55cfd4ad7a0039eb69f1da9af88cd6afbf346,p12,train,58f5bddf6a4a1b2ac48620ec5ae3c70010f1852465496a6af7e3ac75e6f3b354,"[0, 0, 0, 1]",1,False,51,False,False,False
0a0f37ea4bb03a7d1bc49da4499501fa9a2ca410ea3b3bc4d69d1b8fd32b2678,p12,train,58f5bddf6a4a1b2ac48620ec5ae3c70010f1852465496a6af7e3ac75e6f3b354,"[0, 0, 0, 1]",1,False,48,False,False,False
39b14a5006dd4b3944fc6432af1d46812cb0074de57c9dc3d24159ef7f12cfc5,p13,train,817cec808a8dbe681fc14ed98a09c183713de171171922d57122463d3bb3fd08,"[0, 0, 0, 0]",0,False,78,False,False,False
e7dcb3def35ab468e575bb39fd2f393712daf6dbf5a4403f0be640d1cf83c9e8,p13,train,817cec808a8dbe681fc14ed98a09c183713de171171922d57122463d3bb3fd08,"[0, 0, 0, 0]",0,False,79,False,False,False
1874bec35211c76d7840dd4c0e33961de1b59e1ed22b583b6c079f81c713525b,p13,train,817cec808a8dbe681fc14ed98a09c183713de171171922d57122463d3bb3fd08,"[0, 0, 0, 1]",1,False,45,False,False,False
cdfb18a52daecd9c498c2bddb1ade0653928052d9d069234d95249b26e9f0267,p13,train,817cec808a8dbe681fc14ed98a09c183713de171171922d57122463d3bb3fd08,"[0, 0, 0, 1]",1,False,34,False,False,False
9644803d529fd3025c92cb0e9c0bbb6eb7f73152e0e8c9d95987bccecd4e97be,p16,train,bbe0453bf2b6499a7bf9d4c493eb5f9bca5f8f379cb17f1a56d7d4823d14b1fc,"[0, 0, 0, 0]",0,False,76,False,False,False
8a37d601e9dd5c4bfa9229e33da97295e4c2bf69cfadb8602cc86829234f000a,p16,train,bbe0453bf2b6499a7bf9d4c493eb5f9bca5f8f379cb17f1a56d7d4823d14b1fc,"[0, 0, 0, 1]",1,False,82,False,False,False
06c8c381555998cff22c3d5f2fdbeac00b4d4558a9fa6dca98ec556cb4b0222f,p16,train,bbe0453bf2b6499a7bf9d4c493eb5f9bca5f8f379cb17f1a56d7d4823d14b1fc,"[0, 0, 1, 0]",1,False,89,False,False,False
5f321de27718bfd8bc82fdf04d3036d64f4b8147d4db9a8a6964467390ba06eb,p16,train,bbe0453bf2b6499a7bf9d4c493eb5f9bca5f8f379cb17f1a56d7d4823d14b1fc,"[0, 0, 1, 0]",1,False,86,False,False,False
dafc19a8cf1415adac52493ee992f9b87d6eb5dc8bd0020c65b9994880f965ae,p17,train,eee59b74a2176c2a6018ac0f41ad3b92306ec25b86090cc8772586ca386103cc,"[0, 0, 0, 0]",0,False,77,False,False,False
c70973825be0404c9e9f0e71f6c881cb7dcfc6bd468d2ff322e5f4d3aa1a82a4,p17,train,eee59b74a2176c2a6018ac0f41ad3b92306ec25b86090cc8772586ca386103cc,"[0, 0, 0, 0]",0,False,84,False,False,False
20938a6f41f6325fa5d405bf65c2eb2be821d57e81573a24b1091d3b2ad95add,p17,train,eee59b74a2176c2a6018ac0f41ad3b92306ec25b86090cc8772586ca386103cc,"[0, 0, 1, 0]",1,False,51,False,False,False
30aae24f695c5ab7823d68ca99dc22b5af89ba86d8c7b63d0d56cb7a9927f68a,p17,train,eee59b74a2176c2a6018ac0f41ad3b92306ec25b86090cc8772586ca386103cc,"[0, 0, 1, 0]",1,False,51,False,False,False
2c9069b7f69df33150adafaca8796f93b071d1ba38822277ef9655d35f515534,p17,train,eee59b74a2176c2a6018ac0f41ad3b92306ec25b86090cc8772586ca386103cc,"[0, 0, 0, 1]",1,False,67,False,False,False
a224655a24cc0189059c1e51f60fdc7bad701fafd6751084e274cd0c965b380f,p17,train,eee59b74a2176c2a6018ac0f41ad3b92306ec25b86090cc8772586ca386103cc,"[0, 0, 0, 1]",1,False,60,False,False,False
b383032dded0e156bd3dbd9f8dd3219ebaebfc009f62c66ea437cf97363959e1,p2,train,47c72e5fa38e372f3a38ad6ce897d50bfcb03a860daf9ab1b8d66edc94d55983,"[0, 0, 0, 0]",0,False,69,False,False,False
b1f20727ef91460601b76039b421ae172d69dfbccae2c1441d24154846deea83,p2,train,47c72e5fa38e372f3a38ad6ce897d50bfcb03a860daf9ab1b8d66edc94d55983,"[0, 0, 0, 0]",0,False,56,False,False,False
e35e8544b9377e94856038a6ab61afa189ca416e9f922370d9aca9cf7a54473e,p2,train,47c72e5fa38e372f3a38ad6ce897d50bfcb03a860daf9ab1b8d66edc94d55983,"[0, 0, 1, 0]",1,False,50,False,False,False
e2f49a5428cc8ac2b129befeb13c81924cf5f437675b479f3cf0eb3a8de754bb,p2,train,47c72e5fa38e372f3a38ad6ce897d50bfcb03a860daf9ab1b8d66edc94d55983,"[0, 0, 1, 0]",1,False,53,False,False,False
b4dd4f577307c9afd5fba6fa068743e6b062483c8966884f30a94d82c795f650,p2,train,47c72e5fa38e372f3a38ad6ce897d50bfcb03a860daf9ab1b8d66edc94d55983,"[0, 0, 0, 1]",1,False,45,False,False,False
16833aba893e39e51ba26176f798c5725c6c451622ac2782d3be72e1f1ef4473,p2,train,47c72e5fa38e372f3a38ad6ce897d50bfcb03a860daf9ab1b8d66edc94d55983,"[0, 0, 0, 1]",1,False,53,False,False,False
114082cec15ede2420d18caf80d17d1f5ec522b266c38f84484690ea9f3d9874,p3,train,b874b2b2852f3e5342cef29ebcfea1f3d658c5e96208ba1e2bf29aed424e5de9,"[0, 0, 0, 0]",0,False,65,False,False,False
d7e1f5bea0ee6e2f6f3594cfe9facf31a2b466025a379ad67dead23cb8040d4e,p3,train,b874b2b2852f3e5342cef29ebcfea1f3d658c5e96208ba1e2bf29aed424e5de9,"[0, 0, 0, 0]",0,False,62,False,False,False
8c4f413c3ebc8365dce537f3eb68ca838d4d6ecf097b1978408289042ac1e820,p3,train,b874b2b2852f3e5342cef29ebcfea1f3d658c5e96208ba1e2bf29aed424e5de9,"[0, 0, 1, 0]",1,False,64,False,False,False
accbf710df091e10030f838d9edb7b4561ebf0ad3e668c263105e837e0d7d697,p3,train,b874b2b2852f3e5342cef29ebcfea1f3d658c5e96208ba1e2bf29aed424e5de9,"[0, 0, 1, 0]",1,False,63,False,False,False
0aafcaced76d7da7b4a4f17fa4266367103ea37028ac8b985c5abec8f165e7fb,p3,train,b874b2b2852f3e5342cef29ebcfea1f3d658c5e96208ba1e2bf29aed424e5de9,"[0, 0, 0, 1]",1,False,64,False,False,False
b5b0ca459546ebc5bafe6bccbce38843fb4b17a026b90516b4f4f2330566e6be,p3,train,b874b2b2852f3e5342cef29ebcfea1f3d658c5e96208ba1e2bf29aed424e5de9,"[0, 0, 0, 1]",1,False,70,False,False,False
66358f6380951c24b486b50041152c03817a39699a3cc90da998e75773e9db9d,p5,train,e62fb32c62e566a746ee793978c45866bb50b064e5ca2646abee14596b57066b,"[0, 0, 0, 0]",0,False,118,False,False,False
e73d5d26865ec466a5fbd031649282681716548710743438fe18a19c76563c05,p5,train,e62fb32c62e566a746ee793978c45866bb50b064e5ca2646abee14596b57066b,"[0, 0, 0, 0]",0,False,131,False,False,False
86727ce03949a8c3ae1507b8430b3d19552efefc2362c6802068c8ce802dd498,p5,train,e62fb32c62e566a746ee793978c45866bb50b064e5ca2646abee14596b57066b,"[0, 0, 1, 0]",1,False,109,False,False,False
cc628cc0ac6e9392dad4558063e66e9f701176c4c589f57206b63254a718c5e1,p6,train,ddc7f6bf7bd288092d659c437e71bac01bf240aaa34530552d745f4e88289717,"[0, 0, 0, 0]",0,False,69,False,False,False
aadcd40641856c2dd174b02077f5738f45f83d0926b3368c5f042873e7eec39d,p6,train,ddc7f6bf7bd288092d659c437e71bac01bf240aaa34530552d745f4e88289717,"[0, 0, 0, 0]",0,False,86,False,False,False
81e735bbdd17fb14904115af0f1a94695100998c3d65789fd05a42a920034563,p6,train,ddc7f6bf7bd288092d659c437e71bac01bf240aaa34530552d745f4e88289717,"[0, 0, 1, 0]",1,False,64,False,False,False
3d6843afda1f162902a75fdf7abc3f2a70ee42bb99e295fcf05cbb3840880a25,p6,train,ddc7f6bf7bd288092d659c437e71bac01bf240aaa34530552d745f4e88289717,"[0, 0, 1, 0]",1,False,88,False,False,False
fea4df7b310207a65616b354915005c3f0ace58a07e47e1012feba5d499ebe3c,p6,train,ddc7f6bf7bd288092d659c437e71bac01bf240aaa34530552d745f4e88289717,"[0, 0, 0, 1]",1,False,89,False,False,False
6f5f6a70bdba08caf8f397f7c091fb04db4d753418968613aa50d1120cbf8def,p6,train,ddc7f6bf7bd288092d659c437e71bac01bf240aaa34530552d745f4e88289717,"[0, 0, 0, 1]",1,False,70,False,False,False
2807eeaa9117cc84a560db7a85df79b9ff99fbf0488c5f596dc52ef3aebad72b,p8,train,b86a5e934aeff2240519cdc50b2e4e114326086fa14b5fdaf00251590c5ea5f1,"[0, 0, 0, 0]",0,False,28,False,False,False
dc93128c7cf3b17159a3efd165bf558e8b857ddfd47a753097888263570d4af5,p8,train,b86a5e934aeff2240519cdc50b2e4e114326086fa14b5fdaf00251590c5ea5f1,"[0, 0, 0, 0]",0,False,43,False,False,False
b714ca83b792493529c3c46b497df3ecc7a7c38944b45db4478795cfbef6cf1c,p8,train,b86a5e934aeff2240519cdc50b2e4e114326086fa14b5fdaf00251590c5ea5f1,"[0, 0, 1, 0]",1,False,36,False,False,False
979524eb34c583c950e43f65565878b37f5f2baa75ce3a9b0c87b66130b3f350,p8,train,b86a5e934aeff2240519cdc50b2e4e114326086fa14b5fdaf00251590c5ea5f1,"[0, 0, 1, 0]",1,False,42,False,False,False
a066df3cafdf82f16287a1a41f0bceb08540d945c446c75345822e78db628c3a,p8,train,b86a5e934aeff2240519cdc50b2e4e114326086fa14b5fdaf00251590c5ea5f1,"[1, 0, 0, 0]",1,False,33,False,False,True
d0b8994759a502670c5dc2ccaf7bc7508e10167307ee0b6ef30f267b90a82a4f,p8,train,b86a5e934aeff2240519cdc50b2e4e114326086fa14b5fdaf00251590c5ea5f1,"[1, 0, 0, 0]",1,False,46,False,False,True
0f1acc96cf32aa2dcacedd6ab7f6e472f6415e72c8155123161e312e9685be03,p9,train,67a67df6abe89351dde55aa7d60559956f7629552712033ae4e0523d321643b0,"[0, 0, 0, 0]",0,False,78,False,False,False
cabca2d27ba122c4c7b6f8386d62e3dadf96c7426f49647e8d33e66f4c5ef8d9,p9,train,67a67df6abe89351dde55aa7d60559956f7629552712033ae4e0523d321643b0,"[0, 0, 1, 0]",1,False,70,False,False,False
ea6928feafa9d8150ceef9625f6bf15528836e05b1c951c391d9b8e51b19016a,p9,train,67a67df6abe89351dde55aa7d60559956f7629552712033ae4e0523d321643b0,"[0, 0, 0, 1]",1,False,55,False,False,False
211464b8121ba42628f412346edb1cbcdc1334f363042caccd956c99ba294737,p9,train,67a67df6abe89351dde55aa7d60559956f7629552712033ae4e0523d321643b0,"[0, 0, 0, 1]",1,False,52,False,False,False
fcff5f58c6cc0757df67ffb5d187f0e695cb08c287114fc97d911174c5ae5268,p1,dev,cc5a31dedcab4ef6f1424d31f03b8bfadac8978d1a31f84d1343070c2c4e230b,"[0, 0, 0, 0]",0,False,107,False,False,False
770a568ebe83d97e3fb0559020131f1d2d8507cc074ea9d477631c97430da5a7,p1,dev,cc5a31dedcab4ef6f1424d31f03b8bfadac8978d1a31f84d1343070c2c4e230b,"[0, 0, 0, 0]",0,False,109,False,False,False
874443f6b7f2c373873ec17624f817c105e2514d5819c2185a0ba9f636b7990a,p1,dev,cc5a31dedcab4ef6f1424d31f03b8bfadac8978d1a31f84d1343070c2c4e230b,"[0, 0, 1, 0]",1,False,84,False,False,False
f25b74ead943ba9e6933f5c2b4b515e75dd7e83a5a992ce015565e5d7367d40e,p1,dev,cc5a31dedcab4ef6f1424d31f03b8bfadac8978d1a31f84d1343070c2c4e230b,"[0, 0, 1, 0]",1,False,85,False,False,False
5c6e8a1606112244c8b53c28939236fcc301cf13ae2f7476103e1d3faae098e8,p1,dev,cc5a31dedcab4ef6f1424d31f03b8bfadac8978d1a31f84d1343070c2c4e230b,"[0, 0, 0, 1]",1,False,66,False,False,False
5f305ca0a3a26d1e5dfed5640c3d4d35a22c5d8a0717aef322680d76da0a86bd,p1,dev,b91c6127eed1d3dfc87fc42ff0a37933fbbe22fd855788dbd993ad3a4c974e54,"[0, 0, 0, 0]",0,False,123,False,False,False
79efcb9c9014695dae6835c70370a5aa933479e26eafe568b505f4ed08bd8059,p1,dev,b91c6127eed1d3dfc87fc42ff0a37933fbbe22fd855788dbd993ad3a4c974e54,"[0, 0, 0, 0]",0,False,107,False,False,False
c969802c3a1d4ee25aa26b57c8e59d8ee48e0a4df689c79f4d36a47a87513efd,p1,dev,b91c6127eed1d3dfc87fc42ff0a37933fbbe22fd855788dbd993ad3a4c974e54,"[0, 0, 1, 0]",1,False,108,False,False,False
40f3fefb408dc11ec349a85661f2e44ad131e88a3776ed7631d7792873df3a43,p1,dev,b91c6127eed1d3dfc87fc42ff0a37933fbbe22fd855788dbd993ad3a4c974e54,"[0, 0, 1, 0]",1,False,77,False,False,False
97f3a291fccfa05a1b91e20fff598e34d74baa3084a2141770e41f159af84345,p15,dev,d03ca16ff5a2a4888f72fcaa6962413d30f66e665a477f0d634d93efb408d35c,"[0, 0, 0, 0]",0,False,123,False,False,False
f6116aaedbcb15401d9e4ed5eaf2a44163610f9a53a340122c35a9ba0cbf78b4,p15,dev,d03ca16ff5a2a4888f72fcaa6962413d30f66e665a477f0d634d93efb408d35c,"[0, 0, 0, 0]",0,False,90,False,False,False
41b83174f8894c162ba31f289b742936531af39cd2ccf359029ee344da51fd9e,p15,dev,d03ca16ff5a2a4888f72fcaa6962413d30f66e665a477f0d634d93efb408d35c,"[0, 0, 1, 0]",1,False,111,False,False,False
dcdd503c14bee5d7606d0e4733a7f74926a2568562accac0d25434b7a4bddbaa,p15,dev,d03ca16ff5a2a4888f72fcaa6962413d30f66e665a477f0d634d93efb408d35c,"[1, 0, 0, 0]",1,False,63,False,False,True
03c66ad4fc0f835002bda27f52a27b7cb58916e8fe1a31d9680e7ab9e400f1a9,p15,dev,d03ca16ff5a2a4888f72fcaa6962413d30f66e665a477f0d634d93efb408d35c,"[1, 0, 0, 0]",1,False,75,False,False,True
b36eed49ee85d1a8cffafe6c6f6fc5387571450717cb2b03c7db8c35835c6ccd,p15,dev,fe5e5d68856f45c1477a5c172457e33c5e109aee8798c3f0d02bc39d1440dce1,"[0, 0, 0, 0]",0,False,39,False,False,False
a8f00f8623c97638adc1ef5643f2a4a696e3bbe6d18dfd385b3bba9e725e9103,p15,dev,fe5e5d68856f45c1477a5c172457e33c5e109aee8798c3f0d02bc39d1440dce1,"[0, 0, 0, 0]",0,False,46,False,False,False
5df8e319f2010bd2beef20d866c700bb6c5e25c8a0179cbf2bc4c74aa00ea0a5,p15,dev,fe5e5d68856f45c1477a5c172457e33c5e109aee8798c3f0d02bc39d1440dce1,"[0, 0, 1, 0]",1,False,42,False,False,False
3db8a6f2685120ded5f525ea469b12881f72f62f2023beb1d1f875cb22033e63,p15,dev,fe5e5d68856f45c1477a5c172457e33c5e109aee8798c3f0d02bc39d1440dce1,"[0, 0, 1, 0]",1,False,39,False,False,False
bfe3b5792f2de574f52e954835ba85f8fbe75ca15c2a810347301da365e94c5d,p15,dev,fe5e5d68856f45c1477a5c172457e33c5e109aee8798c3f0d02bc39d1440dce1,"[1, 0, 0, 0]",1,False,41,False,False,False
1aacd7101819755e7004d1781704bcfb50420ac8122d6a226265518107fa1737,p15,dev,fe5e5d68856f45c1477a5c172457e33c5e109aee8798c3f0d02bc39d1440dce1,"[1, 0, 0, 0]",1,False,33,False,False,False
ad581500e60c7fad27db8b106d01eb4fdd2bf57e11bb24b8f7aa77e2765f72ec,p18,dev,5605426510898b23a422ddf69bdd3f92d5f857bf39c3c55ec695352570314736,"[0, 0, 0, 0]",0,False,67,False,False,False
438030edfb9cf92508860e064a8bd2c28b1a782786ce421ff252eeffa88b0b56,p18,dev,5605426510898b23a422ddf69bdd3f92d5f857bf39c3c55ec695352570314736,"[0, 0, 1, 0]",1,False,89,False,False,False
a1a151bfca672d1ce3b900349e5b5a1abc0d4a5c3889599b991aa9591881721f,p18,dev,5605426510898b23a422ddf69bdd3f92d5f857bf39c3c55ec695352570314736,"[0, 0, 0, 1]",1,False,50,False,False,False
8c5cdd5208ff9f9c0a24a2189c3c0a901e6ba8a27c6030dd7d43bbf5209c82d5,p18,dev,69999825c084979e04f52928e5b12244ea6e0e4a3dbbbd37ab98ab9e69260ca0,"[0, 0, 0, 0]",0,False,354,False,False,False
ac95a1e550c3e6487bfd1682c66d784aefa284d2253f6e059c1b490d10424aa7,p18,dev,69999825c084979e04f52928e5b12244ea6e0e4a3dbbbd37ab98ab9e69260ca0,"[0, 0, 0, 0]",0,False,328,False,False,False
235374c41e5d8162955150d7eab70a7134e28e809ce68a0baa2ae42bc63a8434,p18,dev,69999825c084979e04f52928e5b12244ea6e0e4a3dbbbd37ab98ab9e69260ca0,"[1, 0, 0, 0]",1,False,66,False,False,False
407e4889f095fc65d980d95149118784c48c64fb3d37a5f7ac6977ff80626338,p18,dev,69999825c084979e04f52928e5b12244ea6e0e4a3dbbbd37ab98ab9e69260ca0,"[1, 0, 0, 0]",1,False,62,False,False,False
b2dbcbe4db52355b360a66a6d7fedde4a7b28073d1e981dcd2e454b70f1e90d8,p18,dev,69999825c084979e04f52928e5b12244ea6e0e4a3dbbbd37ab98ab9e69260ca0,"[0, 1, 0, 0]",1,False,192,False,False,False
875b11dc9c486872c9cd02be37a3995186918a6e79e044fb781d9b2096401eb9,p18,dev,69999825c084979e04f52928e5b12244ea6e0e4a3dbbbd37ab98ab9e69260ca0,"[0, 1, 0, 0]",1,False,183,False,False,False
ce488af8baa04bc2f6f2d78b88f9a16f421dab387c46355381b393a9e3c9d424,p10,train,f172ad71341d67257a7e05dd34223e314ac2aae916359441fa5be964b93b5f30,"[0, 0, 0, 0]",0,False,47,False,False,False
ff28b2b5667fe2b9c13bf72a60851ac608a99e41e68cb7d21110edb86e424144,p10,train,f172ad71341d67257a7e05dd34223e314ac2aae916359441fa5be964b93b5f30,"[0, 0, 0, 0]",0,False,47,False,False,False
5c0fe9c5a3c84c918bf169bc40084e9b93efec7dd90531694dc78649e886030f,p10,train,f172ad71341d67257a7e05dd34223e314ac2aae916359441fa5be964b93b5f30,"[1, 0, 0, 0]",1,False,22,False,False,False
91de5ed21dab1ccddf9a4c4e0830d08518a39374db587c63bfa35a5f5d75a557,p10,train,f172ad71341d67257a7e05dd34223e314ac2aae916359441fa5be964b93b5f30,"[0, 1, 0, 0]",1,False,22,False,False,False
4dcd778ca96c91a3453418f6bc174f83cbeaeb6e217148eea3b93ed87eb2dce9,p11,train,8fdc8d45bf0bbcd748e438d9261506bf3a1cf302a575a4027ab55b09645b71f0,"[0, 0, 0, 0]",0,False,105,False,False,False
fbf271705282d3e84d54e8d7a7179834c55d675185e9c7fe545b79c14d3f16f6,p11,train,8fdc8d45bf0bbcd748e438d9261506bf3a1cf302a575a4027ab55b09645b71f0,"[0, 0, 0, 0]",0,False,88,False,False,False
4b89a699df3f42a134461aade58ce9675802a2a37439ad0469c44d59a4582364,p11,train,8fdc8d45bf0bbcd748e438d9261506bf3a1cf302a575a4027ab55b09645b71f0,"[0, 1, 1, 0]",2,False,121,False,False,False
faca677f0769fcbf7299cc6cff509488b16731d54f484ff046cbeca5921b7ad5,p11,train,8fdc8d45bf0bbcd748e438d9261506bf3a1cf302a575a4027ab55b09645b71f0,"[0, 1, 1, 0]",2,False,89,False,False,False
bb731d500752be887ee6a0b6598b10240c18ff606d4de8383ce336d66da8ca91,p11,train,8fdc8d45bf0bbcd748e438d9261506bf3a1cf302a575a4027ab55b09645b71f0,"[1, 0, 0, 0]",1,False,76,False,False,False
ccb1f16dadbb699c1b4e815de565fb30b48c25c4d260be22131c3d5a73816068,p11,train,8fdc8d45bf0bbcd748e438d9261506bf3a1cf302a575a4027ab55b09645b71f0,"[1, 0, 0, 0]",1,False,84,False,False,False
074ec1164b7859e3926672ab631a7c3524ebc1ca54be04978c4463c7b71f15b4,p12,train,cc5504fca8bba8d35414ad16f85e8f8ebe3aba4a967e3957f9216d02d3c58205,"[0, 0, 0, 0]",0,False,7,False,False,False
4b27c42fa8fce027864f781be4b4ed2630b9d26031cae7645a610daabb4b54ea,p12,train,cc5504fca8bba8d35414ad16f85e8f8ebe3aba4a967e3957f9216d02d3c58205,"[1, 0, 0, 0]",1,False,7,False,False,False
cfd09436db3e4155e526f9a574939c113832ab779cbc7ce83d433bf8be7b3550,p13,train,817cec808a8dbe681fc14ed98a09c183713de171171922d57122463d3bb3fd08,"[0, 1, 0, 0]",1,False,37,False,False,False
f5f6bf4ba99decd5b1bc88b94958b729fd4653e6df2054c2e6a32a345bc5e2b1,p13,train,817cec808a8dbe681fc14ed98a09c183713de171171922d57122463d3bb3fd08,"[0, 1, 0, 0]",1,False,50,False,False,False
0cba5ce9f8f63168d0cc29ace4634993d22a0458c35c980b32f104c858c7481e,p16,train,6110e1577c569439b959df23cdc95762c0ae7cfb6bafdf2b8aa0d4df2c4d3317,"[0, 0, 0, 0]",0,False,82,False,False,False
c5a73ee3ec44fb3ecc4bfd08e83b49c42d2aa7c975b09b83d602371587d05fca,p16,train,6110e1577c569439b959df23cdc95762c0ae7cfb6bafdf2b8aa0d4df2c4d3317,"[0, 1, 0, 1]",2,False,42,False,False,False
c6793c1402e2efac085071c19492b77f137aec6fa48df2fdf35ea8e5ce3fab61,p16,train,6110e1577c569439b959df23cdc95762c0ae7cfb6bafdf2b8aa0d4df2c4d3317,"[0, 1, 0, 1]",2,False,35,False,False,False
d22940b58155a95093f5b1edb035299ce4142904226bf25d0286068cb2c90c40,p17,train,eee59b74a2176c2a6018ac0f41ad3b92306ec25b86090cc8772586ca386103cc,"[0, 1, 0, 0]",1,False,107,False,False,False
3fb7859d2be125f9108edc36a1b7cb760852337283242b581c1f67f86c788da3,p2,train,333be2d57c880b19e0bf6e7d5d768b0946ca6f3056d4d803b1e05aa88bfb8b37,"[0, 0, 0, 0]",0,False,43,False,False,False
b858a944848fe9da032420aebcbc294eab45797e2336f95aab936d43a58e83af,p2,train,333be2d57c880b19e0bf6e7d5d768b0946ca6f3056d4d803b1e05aa88bfb8b37,"[0, 0, 0, 0]",0,False,29,False,False,False
163c331159314494bfb6f7898b85d1e0379e286dd4915d583f3e382ff53c5b8f,p2,train,333be2d57c880b19e0bf6e7d5d768b0946ca6f3056d4d803b1e05aa88bfb8b37,"[1, 0, 0, 0]",1,False,33,False,False,False
2bc69a944034995e8da2c4f84d16718090c21b826c5c45ad2935bf9744309435,p2,train,333be2d57c880b19e0bf6e7d5d768b0946ca6f3056d4d803b1e05aa88bfb8b37,"[1, 0, 0, 0]",1,False,10,False,False,False
9d31610a13ed20c87e6196e210e8153ed167b59cfc5fc7a4156a9c270736835f,p2,train,333be2d57c880b19e0bf6e7d5d768b0946ca6f3056d4d803b1e05aa88bfb8b37,"[0, 1, 0, 0]",1,False,21,False,False,False
c323fddcada5122bddece56d696308c2bbf798786a30c6600e3297d2759c1d86,p2,train,333be2d57c880b19e0bf6e7d5d768b0946ca6f3056d4d803b1e05aa88bfb8b37,"[0, 1, 0, 0]",1,False,10,False,False,False
9b6513cf93952567e058a9b7aae0890b64395025e02f44ff5e5979a9337c02cd,p3,train,b874b2b2852f3e5342cef29ebcfea1f3d658c5e96208ba1e2bf29aed424e5de9,"[0, 0, 1, 1]",2,False,78,False,False,False
41000298517497a56a454e9f6af6d8e744c1deed9c1c657d28acbfc6e0152662,p3,train,b874b2b2852f3e5342cef29ebcfea1f3d658c5e96208ba1e2bf29aed424e5de9,"[0, 0, 1, 1]",2,False,67,False,False,False
5a532b7e30331ae14828a2f9ab64f6afacd6280951c111e90f03a93041ac58e3,p3,train,b874b2b2852f3e5342cef29ebcfea1f3d658c5e96208ba1e2bf29aed424e5de9,"[1, 0, 0, 0]",1,False,61,False,False,False
572eb95b59f2ca6c7eff06a30219116c35619788362d8996f04d36ff66ca7edc,p3,train,b874b2b2852f3e5342cef29ebcfea1f3d658c5e96208ba1e2bf29aed424e5de9,"[1, 0, 0, 0]",1,False,61,False,False,False
b3c55522bb69bf40ebe9186f31bc34c4871ec978365c130f04b7795a79ad114d,p5,train,e62fb32c62e566a746ee793978c45866bb50b064e5ca2646abee14596b57066b,"[0, 0, 0, 1]",1,False,80,False,False,False
bdef1dbb1a1e6b69c3322f7cf6ec0ba3d2dc799f1c1b0fb6cc8253090da6f776,p5,train,e62fb32c62e566a746ee793978c45866bb50b064e5ca2646abee14596b57066b,"[0, 0, 0, 1]",1,False,89,False,False,False
88ebf176ad01d9ef0821db3a62566c2402c09fbf58222d18319cad9ce089cf3c,p6,train,39a225820870e418e8099e299e69804f6458f088523187408ebc97b42b6dcf60,"[0, 0, 0, 0]",0,False,130,False,False,False
051738cb07d5106f563ec06fefbe00a416c82ef722205332c35f32ae2895fb35,p6,train,39a225820870e418e8099e299e69804f6458f088523187408ebc97b42b6dcf60,"[0, 0, 0, 0]",0,False,100,False,False,False
887fcc1aa6abe4da2690e4bf86cc1f7fa7ee91b54bdf9353c6117263de37641f,p6,train,39a225820870e418e8099e299e69804f6458f088523187408ebc97b42b6dcf60,"[0, 1, 0, 1]",2,False,86,False,False,False
865a72ff5490dc0d44b13761e56cc8af30a11641864673b6d121da180aa53f11,p6,train,39a225820870e418e8099e299e69804f6458f088523187408ebc97b42b6dcf60,"[0, 1, 0, 1]",2,False,74,False,False,False
169fdcbee8014302bea9904593bde41d80a9397a0f8f0a909a33da6645227d70,p6,train,39a225820870e418e8099e299e69804f6458f088523187408ebc97b42b6dcf60,"[1, 0, 0, 0]",1,False,75,False,False,False
ba6fb1c825679973d432971f5d8cacff6f84e6b258cc56b4455fbee48f5c294c,p6,train,39a225820870e418e8099e299e69804f6458f088523187408ebc97b42b6dcf60,"[1, 0, 0, 0]",1,False,97,False,False,False
bf93e67e0a2ca113c8383477b3e55b52e76c6ab828a615c6380d0889bf4a1564,p8,train,43150a7d56bcda0f8e7985c0bb1b6316732978cf7d97589fab1e15413ead1ff5,"[0, 0, 0, 0]",0,False,78,False,False,False
1b3b098b7857d39c6f966812041c660edd0f1b926d3874477c26e4f4fb07923d,p8,train,43150a7d56bcda0f8e7985c0bb1b6316732978cf7d97589fab1e15413ead1ff5,"[0, 0, 0, 0]",0,False,136,False,False,False
b6da9fcc8737ae3603aee9dcc41fce3c68fb1b0c8c1eae4a18e7bff63ee8b195,p8,train,43150a7d56bcda0f8e7985c0bb1b6316732978cf7d97589fab1e15413ead1ff5,"[0, 0, 1, 1]",2,False,82,False,False,False
f1aa7132a4ba52f8d442a6bc45fc679dd715f184570c6c5c5692f57b6007ea15,p8,train,43150a7d56bcda0f8e7985c0bb1b6316732978cf7d97589fab1e15413ead1ff5,"[0, 0, 1, 1]",2,False,94,False,False,False
7dfeb6ecdf53775c28c2474bf480674d80ee03e85ba2d6340709d3005d9ebdd7,p8,train,43150a7d56bcda0f8e7985c0bb1b6316732978cf7d97589fab1e15413ead1ff5,"[1, 0, 0, 0]",1,False,89,False,False,False
b2d86b5e229b550185115a1f97b1677ba4df558877353672222c6c45ada5f19e,p8,train,43150a7d56bcda0f8e7985c0bb1b6316732978cf7d97589fab1e15413ead1ff5,"[1, 0, 0, 0]",1,False,70,False,False,False
ac6c4f47db5eeba76ccf1294eb8c54ecc1b590305f2f2263f9c263dab491c4ee,p1,dev,73e0fccb464b69e7605385c38d0725097d8a9aa4c0255a3a14861ea4921bee34,"[0, 0, 0, 0]",0,False,63,False,False,False
1f58d84963997e0a478aad4b0c5d6b4aed7014aab7a6740d9fb163ac127f4a32,p1,dev,73e0fccb464b69e7605385c38d0725097d8a9aa4c0255a3a14861ea4921bee34,"[0, 0, 0, 0]",0,False,66,False,False,False
d7ebd8fb40f8dd044025f6398df7aa8e3f04870f12bef340d1242529a1e30f88,p1,dev,73e0fccb464b69e7605385c38d0725097d8a9aa4c0255a3a14861ea4921bee34,"[1, 0, 1, 0]",2,False,58,False,False,False
1acb4c17d67a27b7218486e238ddb7f0d6c0d3ed7a25e4fe9291ab7ca12e2e09,p1,dev,73e0fccb464b69e7605385c38d0725097d8a9aa4c0255a3a14861ea4921bee34,"[1, 0, 1, 0]",2,False,58,False,False,False
a736cc2fc97f3202e0a48c4ca93ea40545d106a7dcfb19e3cf971e55fbfe33d6,p1,dev,73e0fccb464b69e7605385c38d0725097d8a9aa4c0255a3a14861ea4921bee34,"[0, 1, 0, 0]",1,False,41,False,False,False
5a461d02eb75bf6e684c206b8a7f693fefdb1eb9119826045cf948ace11ea4aa,p1,dev,73e0fccb464b69e7605385c38d0725097d8a9aa4c0255a3a14861ea4921bee34,"[0, 1, 0, 0]",1,False,53,False,False,False
576f0236da4b1e4a26fcc3446d1f2056c4182c0d5ff5ed0661b6e4974a8f4bb4,p1,dev,b91c6127eed1d3dfc87fc42ff0a37933fbbe22fd855788dbd993ad3a4c974e54,"[0, 0, 1, 1]",2,False,59,False,False,False
41956a1a9feb563f1bbc1709c7c1faaec44ce2e03cd0e0c6cd71e641b7a6bc3b,p1,dev,b91c6127eed1d3dfc87fc42ff0a37933fbbe22fd855788dbd993ad3a4c974e54,"[0, 0, 1, 1]",2,False,78,False,False,False
bcfb068d9f0de8671492c605f918a8f37ef2cc73ea3f3bae95c3d451b58998f9,p1,dev,b91c6127eed1d3dfc87fc42ff0a37933fbbe22fd855788dbd993ad3a4c974e54,"[1, 0, 0, 0]",1,False,68,False,False,False
042a7dc876418b3f9b674109726f9a99f34983ceb1106ac9db3fbac855eb78a1,p1,dev,b91c6127eed1d3dfc87fc42ff0a37933fbbe22fd855788dbd993ad3a4c974e54,"[1, 0, 0, 0]",1,False,48,False,False,False
d067ecf67602dad071527e0c2c4576c00c732dea32a260c96518cb8edca56848,p15,dev,3cb6cc83465e9a185692ded2af6e6a32a7f9cc2c28f05818d3072d1a7478b84c,"[0, 0, 0, 0]",0,False,82,False,True,False
7707100e57b7282c064697b62695586716d3c7a46035eded4e33c3b30f51d897,p15,dev,3cb6cc83465e9a185692ded2af6e6a32a7f9cc2c28f05818d3072d1a7478b84c,"[0, 0, 1, 0]",1,False,71,False,True,False
c1819608c0fb3e902ae8ee3bfe6c7745d3e4a516566c25e0b03ea9999eb13514,p15,dev,3cb6cc83465e9a185692ded2af6e6a32a7f9cc2c28f05818d3072d1a7478b84c,"[1, 0, 0, 0]",1,False,70,False,True,False
c7ba2c39b081d0c2620b0e0b733b76cc07936a5d4b2cbd481f1e844d3a161e76,p15,dev,3cb6cc83465e9a185692ded2af6e6a32a7f9cc2c28f05818d3072d1a7478b84c,"[1, 0, 0, 0]",1,False,34,False,True,False
335b5548965579c978649ef8b451d8c8e17a6b4389509bac4f7e3ebb95422adc,p15,dev,fe5e5d68856f45c1477a5c172457e33c5e109aee8798c3f0d02bc39d1440dce1,"[0, 0, 1, 1]",2,False,34,False,False,False
d00379ce3ed9c55f4dc2f30b03d0df80b49ce315e0928818e54f250712844057,p15,dev,fe5e5d68856f45c1477a5c172457e33c5e109aee8798c3f0d02bc39d1440dce1,"[0, 0, 1, 1]",2,False,39,False,False,False
c84cda25e34f46b8daf6e128a2a79b4f4994ff845b4d93572be4577797ea0040,p18,dev,69999825c084979e04f52928e5b12244ea6e0e4a3dbbbd37ab98ab9e69260ca0,"[1, 1, 0, 0]",2,False,68,False,False,False
c68f8e62e4e3ffe368b424f792ad57c3af94e36a7f1d08b05043640037dc789e,p18,dev,69999825c084979e04f52928e5b12244ea6e0e4a3dbbbd37ab98ab9e69260ca0,"[1, 1, 0, 0]",2,False,81,False,False,False
f7f1ccb88d7f1126f169b0c62fd9ddacc8cca3d537893eb401915d51d9f4917d,p18,dev,2853a945732b01446d1302c343b1c77634648e030c199d33d71f485a51f9704e,"[0, 0, 0, 0]",0,False,72,False,False,False
01417cfef6634b1f0f425f9ebf9ebd2d8a87ee96b7a7db0055baa29caddda9a8,p18,dev,2853a945732b01446d1302c343b1c77634648e030c199d33d71f485a51f9704e,"[0, 1, 1, 0]",2,False,68,False,False,False
0e598e034739900ff44b80e41b3b029b828a9bc1220c84f5f0b284c75f8cac61,p18,dev,2853a945732b01446d1302c343b1c77634648e030c199d33d71f485a51f9704e,"[0, 1, 1, 0]",2,False,80,False,False,False
6ce080b8dea2a2567a83e8f96f7df7b3667c43f151e3c83e3b7173868e994914,p18,dev,2853a945732b01446d1302c343b1c77634648e030c199d33d71f485a51f9704e,"[1, 0, 0, 0]",1,False,54,False,False,False
9f11dc5991af541a96cb78b747d2c75e48b9aa42b322fa2a410922bd0c221d3c,p18,dev,2853a945732b01446d1302c343b1c77634648e030c199d33d71f485a51f9704e,"[1, 0, 0, 0]",1,False,79,False,False,False
